scientific_name,match_basis,supplier,product_name,stock_size,price_min_aud,price_max_aud,availability_status,size_price_mapping_status,supplier_url,verification_date,match_location,taxon_verification_url,source_freshness,proposed_valid_to,review_status
Acacia aneura,exact_catalogue_name,GrowAbility Nursery via HortOS,Acacia aneura,Tube,4.09,4.09,available,exact_listed_size_price,https://au.hortosapp.com/plants/acacia-aneura,2026-09-18,exact_hortos_botanical_name,,6 days ago,2026-10-18,loaded_exact_species_and_size_price
Acacia aneura,exact_catalogue_name,Tulla Natives via HortOS,Acacia aneura,Tube,4.25,4.25,available,exact_listed_size_price,https://au.hortosapp.com/plants/acacia-aneura,2026-09-18,exact_hortos_botanical_name,,6 days ago,2026-10-18,loaded_exact_species_and_size_price
Acacia aneura,exact_catalogue_name,Westgrow Farm Trees via HortOS,Acacia aneura,Forestry tube,22.73,22.73,available,exact_listed_size_price,https://au.hortosapp.com/plants/acacia-aneura,2026-09-18,exact_hortos_botanical_name,,12 days ago,2026-10-18,loaded_exact_species_and_size_price
Acacia calamifolia,exact_catalogue_name,GrowAbility Nursery via HortOS,Acacia calamifolia,Tube,4.09,4.09,available,exact_listed_size_price,https://au.hortosapp.com/plants/acacia-calamifolia,2026-09-18,exact_hortos_botanical_name,,6 days ago,2026-10-18,loaded_exact_species_and_size_price
Acacia kettlewelliae,exact_catalogue_name,Monaro Native Tree Nursery via HortOS,Acacia kettlewelliae,Hiko,1.80,1.80,available,exact_listed_size_price,https://au.hortosapp.com/plants/acacia-kettlewelliae,2026-09-18,exact_hortos_botanical_name,,6 days ago,2026-10-18,loaded_exact_species_and_size_price
Acacia maidenii,exact_catalogue_name,Brush Turkey Enterprises via HortOS,Acacia maidenii,Tube,2.00,2.00,available,exact_listed_size_price,https://au.hortosapp.com/plants/acacia-maidenii,2026-09-18,exact_hortos_botanical_name,,6 days ago,2026-10-18,loaded_exact_species_and_size_price
Acacia maidenii,exact_catalogue_name,Kumbartcho Nursery via HortOS,Acacia maidenii,Tube,1.55,1.55,available,exact_listed_size_price,https://au.hortosapp.com/plants/acacia-maidenii,2026-09-18,exact_hortos_botanical_name,,6 days ago,2026-10-18,loaded_exact_species_and_size_price
Acacia maidenii,exact_catalogue_name,Logans Nursery via HortOS,Acacia maidenii,Tube,2.00,2.00,available,exact_listed_size_price,https://au.hortosapp.com/plants/acacia-maidenii,2026-09-18,exact_hortos_botanical_name,,6 days ago,2026-10-18,loaded_exact_species_and_size_price
Acacia maidenii,exact_catalogue_name,Noosa and District Landcare Group Inc via HortOS,Acacia maidenii,Tube,2.00,2.00,available,exact_listed_size_price,https://au.hortosapp.com/plants/acacia-maidenii,2026-09-18,exact_hortos_botanical_name,,6 days ago,2026-10-18,loaded_exact_species_and_size_price
Acacia maidenii,exact_catalogue_name,Paten Park Native Nursery via HortOS,Acacia maidenii,Tube,3.00,3.00,available,exact_listed_size_price,https://au.hortosapp.com/plants/acacia-maidenii,2026-09-18,exact_hortos_botanical_name,,12 days ago,2026-10-18,loaded_exact_species_and_size_price
Acacia maidenii,exact_catalogue_name,Regen Australia via HortOS,Acacia maidenii,Tube,2.24,2.24,available,exact_listed_size_price,https://au.hortosapp.com/plants/acacia-maidenii,2026-09-18,exact_hortos_botanical_name,,6 days ago,2026-10-18,loaded_exact_species_and_size_price
Acacia maidenii,exact_catalogue_name,Wallum Nurseries via HortOS,Acacia maidenii,Tube,2.25,2.25,available,exact_listed_size_price,https://au.hortosapp.com/plants/acacia-maidenii,2026-09-18,exact_hortos_botanical_name,,6 days ago,2026-10-18,loaded_exact_species_and_size_price
Acacia prominens,exact_catalogue_name,Apunga Native Nursery via HortOS,Acacia prominens,Tube,2.50,2.50,available,exact_listed_size_price,https://au.hortosapp.com/plants/acacia-prominens,2026-09-18,exact_hortos_botanical_name,,6 days ago,2026-10-18,loaded_exact_species_and_size_price
Acacia provincialis (retinodes),species_or_cultivar_listing,Birds in the Bush Indigenous Plant Nursery via HortOS,Acacia provincialis,Tube,1.82,1.82,available,exact_listed_size_price,https://au.hortosapp.com/plants/acacia-provincialis,2026-09-18,exact_gbif_species_alias,https://www.gbif.org/species/2979750,12 days ago,2026-10-18,loaded_exact_species_and_size_price
Acacia provincialis (retinodes),species_or_cultivar_listing,ecoDynamics SA via HortOS,Acacia provincialis,Hiko,1.15,1.15,available,exact_listed_size_price,https://au.hortosapp.com/plants/acacia-provincialis,2026-09-18,exact_gbif_species_alias,https://www.gbif.org/species/2979750,6 days ago,2026-10-18,loaded_exact_species_and_size_price
Acacia retinodes,exact_catalogue_name,Ground Up Industries Pty Ltd via HortOS,Acacia retinodes,Tube,3.20,3.20,available,exact_listed_size_price,https://au.hortosapp.com/plants/acacia-retinodes,2026-09-18,exact_hortos_botanical_name,,6 days ago,2026-10-18,loaded_exact_species_and_size_price
Acacia retinodes,exact_catalogue_name,Peninsula Plants Pty Ltd via HortOS,Acacia retinodes,140mm,7.20,7.20,available,exact_listed_size_price,https://au.hortosapp.com/plants/acacia-retinodes,2026-09-18,exact_hortos_botanical_name,,6 days ago,2026-10-18,loaded_exact_species_and_size_price
Acacia retinodes,exact_catalogue_name,Peninsula Plants Pty Ltd via HortOS,Acacia retinodes,200mm,14.40,14.40,available,exact_listed_size_price,https://au.hortosapp.com/plants/acacia-retinodes,2026-09-18,exact_hortos_botanical_name,,6 days ago,2026-10-18,loaded_exact_species_and_size_price
Acacia retinodes,exact_catalogue_name,S and J Seedlings via HortOS,Acacia retinodes,75mm,1.00,1.00,available,exact_listed_size_price,https://au.hortosapp.com/plants/acacia-retinodes,2026-09-18,exact_hortos_botanical_name,,6 days ago,2026-10-18,loaded_exact_species_and_size_price
Acacia rubida,exact_catalogue_name,Danganelly Native Plant Nursery via HortOS,Acacia rubida,Tube,1.82,1.82,available,exact_listed_size_price,https://au.hortosapp.com/plants/acacia-rubida,2026-09-18,exact_hortos_botanical_name,,12 days ago,2026-10-18,loaded_exact_species_and_size_price
Acacia rubida,exact_catalogue_name,Reforest Bush Nursery via HortOS,Acacia rubida,140mm,7.00,7.00,available,exact_listed_size_price,https://au.hortosapp.com/plants/acacia-rubida,2026-09-18,exact_hortos_botanical_name,,6 days ago,2026-10-18,loaded_exact_species_and_size_price
Acacia rubida,exact_catalogue_name,Reforest Bush Nursery via HortOS,Acacia rubida,200mm,14.00,14.00,available,exact_listed_size_price,https://au.hortosapp.com/plants/acacia-rubida,2026-09-18,exact_hortos_botanical_name,,6 days ago,2026-10-18,loaded_exact_species_and_size_price
Acacia rubida,exact_catalogue_name,Reforest Bush Nursery via HortOS,Acacia rubida,Tube,3.50,3.50,available,exact_listed_size_price,https://au.hortosapp.com/plants/acacia-rubida,2026-09-18,exact_hortos_botanical_name,,6 days ago,2026-10-18,loaded_exact_species_and_size_price
Acacia rubida,exact_catalogue_name,Sandy Creek Trees via HortOS,Acacia rubida,Hiko,1.50,1.50,available,exact_listed_size_price,https://au.hortosapp.com/plants/acacia-rubida,2026-09-18,exact_hortos_botanical_name,,6 days ago,2026-10-18,loaded_exact_species_and_size_price
Acacia rubida,exact_catalogue_name,Victorian Alpine Nursery via HortOS,Acacia rubida,Tube,5.00,5.00,available,exact_listed_size_price,https://au.hortosapp.com/plants/acacia-rubida,2026-09-18,exact_hortos_botanical_name,,6 days ago,2026-10-18,loaded_exact_species_and_size_price
Acacia suaveolens,exact_catalogue_name,Apunga Native Nursery via HortOS,Acacia suaveolens,Tube,2.50,2.50,available,exact_listed_size_price,https://au.hortosapp.com/plants/acacia-suaveolens,2026-09-18,exact_hortos_botanical_name,,6 days ago,2026-10-18,loaded_exact_species_and_size_price
Acacia suaveolens,exact_catalogue_name,Conservation Collective Pty Ltd via HortOS,Acacia suaveolens,Tube,2.75,2.75,available,exact_listed_size_price,https://au.hortosapp.com/plants/acacia-suaveolens,2026-09-18,exact_hortos_botanical_name,,6 days ago,2026-10-18,loaded_exact_species_and_size_price
Acacia suaveolens,exact_catalogue_name,Coolum Community Native Nursery via HortOS,Acacia suaveolens,Tube,2.00,2.00,available,exact_listed_size_price,https://au.hortosapp.com/plants/acacia-suaveolens,2026-09-18,exact_hortos_botanical_name,,6 days ago,2026-10-18,loaded_exact_species_and_size_price
Acacia suaveolens,exact_catalogue_name,Greenlink Sandbelt Indigenous Nursery via HortOS,Acacia suaveolens,Tube,1.00,1.00,available,exact_listed_size_price,https://au.hortosapp.com/plants/acacia-suaveolens,2026-09-18,exact_hortos_botanical_name,,11 days ago,2026-10-18,loaded_exact_species_and_size_price
Acacia suaveolens,exact_catalogue_name,Noosa and District Landcare Group Inc via HortOS,Acacia suaveolens,Tube,2.00,2.00,available,exact_listed_size_price,https://au.hortosapp.com/plants/acacia-suaveolens,2026-09-18,exact_hortos_botanical_name,,6 days ago,2026-10-18,loaded_exact_species_and_size_price
Acacia suaveolens,exact_catalogue_name,Paten Park Native Nursery via HortOS,Acacia suaveolens,Tube,3.00,3.00,available,exact_listed_size_price,https://au.hortosapp.com/plants/acacia-suaveolens,2026-09-18,exact_hortos_botanical_name,,12 days ago,2026-10-18,loaded_exact_species_and_size_price
Acacia suaveolens,exact_catalogue_name,Reforest Bush Nursery via HortOS,Acacia suaveolens,140mm,7.00,7.00,available,exact_listed_size_price,https://au.hortosapp.com/plants/acacia-suaveolens,2026-09-18,exact_hortos_botanical_name,,6 days ago,2026-10-18,loaded_exact_species_and_size_price
Acacia suaveolens,exact_catalogue_name,Reforest Bush Nursery via HortOS,Acacia suaveolens,200mm,14.00,14.00,available,exact_listed_size_price,https://au.hortosapp.com/plants/acacia-suaveolens,2026-09-18,exact_hortos_botanical_name,,6 days ago,2026-10-18,loaded_exact_species_and_size_price
Acacia suaveolens,exact_catalogue_name,Reforest Bush Nursery via HortOS,Acacia suaveolens,Tube,3.50,3.50,available,exact_listed_size_price,https://au.hortosapp.com/plants/acacia-suaveolens,2026-09-18,exact_hortos_botanical_name,,6 days ago,2026-10-18,loaded_exact_species_and_size_price
Acacia suaveolens,exact_catalogue_name,Silver Banksia Nursery via HortOS,Acacia suaveolens,50mm,2.30,2.30,available,exact_listed_size_price,https://au.hortosapp.com/plants/acacia-suaveolens,2026-09-18,exact_hortos_botanical_name,,12 days ago,2026-10-18,loaded_exact_species_and_size_price
Acacia suaveolens,exact_catalogue_name,Silver Banksia Nursery via HortOS,Acacia suaveolens,70mm,2.30,2.30,available,exact_listed_size_price,https://au.hortosapp.com/plants/acacia-suaveolens,2026-09-18,exact_hortos_botanical_name,,16 days ago,2026-10-18,loaded_exact_species_and_size_price
Acacia suaveolens,exact_catalogue_name,Tubestock Nursery Australia via HortOS,Acacia suaveolens,Tube,1.80,1.80,available,exact_listed_size_price,https://au.hortosapp.com/plants/acacia-suaveolens,2026-09-18,exact_hortos_botanical_name,,6 days ago,2026-10-18,loaded_exact_species_and_size_price
Acacia suaveolens,exact_catalogue_name,Wallum Nurseries via HortOS,Acacia suaveolens,Tube,2.45,2.45,available,exact_listed_size_price,https://au.hortosapp.com/plants/acacia-suaveolens,2026-09-18,exact_hortos_botanical_name,,6 days ago,2026-10-18,loaded_exact_species_and_size_price
Acacia suaveolens,exact_catalogue_name,Western Sydney Bush Native Nursery via HortOS,Acacia suaveolens,Tube,3.00,3.00,available,exact_listed_size_price,https://au.hortosapp.com/plants/acacia-suaveolens,2026-09-18,exact_hortos_botanical_name,,6 days ago,2026-10-18,loaded_exact_species_and_size_price
Acacia suaveolens,exact_catalogue_name,Willum Warrain Bush Nursery via HortOS,Acacia suaveolens,Tube,3.00,3.00,available,exact_listed_size_price,https://au.hortosapp.com/plants/acacia-suaveolens,2026-09-18,exact_hortos_botanical_name,,6 days ago,2026-10-18,loaded_exact_species_and_size_price
Acacia suaveolens,exact_catalogue_name,Wirin Wirra - Native Nursery via HortOS,Acacia suaveolens,140mm,6.90,6.90,available,exact_listed_size_price,https://au.hortosapp.com/plants/acacia-suaveolens,2026-09-18,exact_hortos_botanical_name,,6 days ago,2026-10-18,loaded_exact_species_and_size_price
Acacia suaveolens,exact_catalogue_name,Wirin Wirra - Native Nursery via HortOS,Acacia suaveolens,Tube,2.50,2.50,available,exact_listed_size_price,https://au.hortosapp.com/plants/acacia-suaveolens,2026-09-18,exact_hortos_botanical_name,,6 days ago,2026-10-18,loaded_exact_species_and_size_price
Acacia verniciflua,exact_catalogue_name,Birds in the Bush Indigenous Plant Nursery via HortOS,Acacia verniciflua,Tube,1.82,1.82,available,exact_listed_size_price,https://au.hortosapp.com/plants/acacia-verniciflua,2026-09-18,exact_hortos_botanical_name,,12 days ago,2026-10-18,loaded_exact_species_and_size_price
Acacia verniciflua,exact_catalogue_name,Grand Ridge Propagation Nursery via HortOS,Acacia verniciflua,Tube,2.00,2.00,available,exact_listed_size_price,https://au.hortosapp.com/plants/acacia-verniciflua,2026-09-18,exact_hortos_botanical_name,,5 days ago,2026-10-18,loaded_exact_species_and_size_price
Acacia verniciflua,exact_catalogue_name,Green Circle Plant Nursery via HortOS,Acacia verniciflua,Tube,3.00,3.00,available,exact_listed_size_price,https://au.hortosapp.com/plants/acacia-verniciflua,2026-09-18,exact_hortos_botanical_name,,5 days ago,2026-10-18,loaded_exact_species_and_size_price
Acacia verniciflua,exact_catalogue_name,Sandy Creek Trees via HortOS,Acacia verniciflua,Hiko,1.50,1.50,available,exact_listed_size_price,https://au.hortosapp.com/plants/acacia-verniciflua,2026-09-18,exact_hortos_botanical_name,,6 days ago,2026-10-18,loaded_exact_species_and_size_price
Acacia verniciflua,exact_catalogue_name,Victorian Alpine Nursery via HortOS,Acacia verniciflua,Tube,5.00,5.00,available,exact_listed_size_price,https://au.hortosapp.com/plants/acacia-verniciflua,2026-09-18,exact_hortos_botanical_name,,6 days ago,2026-10-18,loaded_exact_species_and_size_price
Acacia verniciflua,exact_catalogue_name,Yarra Valley ECOSS via HortOS,Acacia verniciflua,Tube,2.00,2.00,available,exact_listed_size_price,https://au.hortosapp.com/plants/acacia-verniciflua,2026-09-18,exact_hortos_botanical_name,,6 days ago,2026-10-18,loaded_exact_species_and_size_price
Acacia verticillata,exact_catalogue_name,Birds in the Bush Indigenous Plant Nursery via HortOS,Acacia verticillata,Tube,1.82,1.82,available,exact_listed_size_price,https://au.hortosapp.com/plants/acacia-verticillata,2026-09-18,exact_hortos_botanical_name,,12 days ago,2026-10-18,loaded_exact_species_and_size_price
Acacia verticillata,exact_catalogue_name,Candlebark Community Nursery Inc via HortOS,Acacia verticillata,Tube,3.18,3.18,available,exact_listed_size_price,https://au.hortosapp.com/plants/acacia-verticillata,2026-09-18,exact_hortos_botanical_name,,6 days ago,2026-10-18,loaded_exact_species_and_size_price
Acacia verticillata,exact_catalogue_name,Conservation Collective Pty Ltd via HortOS,Acacia verticillata,Tube,2.75,2.75,available,exact_listed_size_price,https://au.hortosapp.com/plants/acacia-verticillata,2026-09-18,exact_hortos_botanical_name,,6 days ago,2026-10-18,loaded_exact_species_and_size_price
Acacia verticillata,exact_catalogue_name,Grand Ridge Propagation Nursery via HortOS,Acacia verticillata,Tube,2.00,2.00,available,exact_listed_size_price,https://au.hortosapp.com/plants/acacia-verticillata,2026-09-18,exact_hortos_botanical_name,,5 days ago,2026-10-18,loaded_exact_species_and_size_price
Acacia verticillata,exact_catalogue_name,Green Circle Plant Nursery via HortOS,Acacia verticillata,Tube,3.00,3.00,available,exact_listed_size_price,https://au.hortosapp.com/plants/acacia-verticillata,2026-09-18,exact_hortos_botanical_name,,5 days ago,2026-10-18,loaded_exact_species_and_size_price
Acacia verticillata,exact_catalogue_name,Greenlink Sandbelt Indigenous Nursery via HortOS,Acacia verticillata,Tube,1.00,1.00,available,exact_listed_size_price,https://au.hortosapp.com/plants/acacia-verticillata,2026-09-18,exact_hortos_botanical_name,,11 days ago,2026-10-18,loaded_exact_species_and_size_price
Acacia verticillata,exact_catalogue_name,Habitat Creations Group Pty Ltd via HortOS,Acacia verticillata,Hiko,1.75,1.75,available,exact_listed_size_price,https://au.hortosapp.com/plants/acacia-verticillata,2026-09-18,exact_hortos_botanical_name,,6 days ago,2026-10-18,loaded_exact_species_and_size_price
Acacia verticillata,exact_catalogue_name,Reforest Bush Nursery via HortOS,Acacia verticillata,140mm,7.00,7.00,available,exact_listed_size_price,https://au.hortosapp.com/plants/acacia-verticillata,2026-09-18,exact_hortos_botanical_name,,6 days ago,2026-10-18,loaded_exact_species_and_size_price
Acacia verticillata,exact_catalogue_name,Reforest Bush Nursery via HortOS,Acacia verticillata,Tube,3.50,3.50,available,exact_listed_size_price,https://au.hortosapp.com/plants/acacia-verticillata,2026-09-18,exact_hortos_botanical_name,,6 days ago,2026-10-18,loaded_exact_species_and_size_price
Acacia verticillata,exact_catalogue_name,Silver Banksia Nursery via HortOS,Acacia verticillata,50mm,2.30,2.30,available,exact_listed_size_price,https://au.hortosapp.com/plants/acacia-verticillata,2026-09-18,exact_hortos_botanical_name,,12 days ago,2026-10-18,loaded_exact_species_and_size_price
Acacia verticillata,exact_catalogue_name,Silver Banksia Nursery via HortOS,Acacia verticillata,90mm,2.30,2.30,available,exact_listed_size_price,https://au.hortosapp.com/plants/acacia-verticillata,2026-09-18,exact_hortos_botanical_name,,16 days ago,2026-10-18,loaded_exact_species_and_size_price
Acacia verticillata,exact_catalogue_name,Yarra Valley ECOSS via HortOS,Acacia verticillata,Tube,2.60,2.60,available,exact_listed_size_price,https://au.hortosapp.com/plants/acacia-verticillata,2026-09-18,exact_hortos_botanical_name,,6 days ago,2026-10-18,loaded_exact_species_and_size_price
Acacia vestita,exact_catalogue_name,Green Circle Plant Nursery via HortOS,Acacia vestita,Tube,3.00,3.00,available,exact_listed_size_price,https://au.hortosapp.com/plants/acacia-vestita,2026-09-18,exact_hortos_botanical_name,,5 days ago,2026-10-18,loaded_exact_species_and_size_price
Acacia vestita,exact_catalogue_name,GrowAbility Nursery via HortOS,Acacia vestita,Tube,4.09,4.09,available,exact_listed_size_price,https://au.hortosapp.com/plants/acacia-vestita,2026-09-18,exact_hortos_botanical_name,,6 days ago,2026-10-18,loaded_exact_species_and_size_price
Acacia vestita,exact_catalogue_name,Jayfields Nursery via HortOS,Acacia vestita,Hiko,1.40,1.40,available,exact_listed_size_price,https://au.hortosapp.com/plants/acacia-vestita,2026-09-18,exact_hortos_botanical_name,,6 days ago,2026-10-18,loaded_exact_species_and_size_price
Allocasuarina inophloia,exact_catalogue_name,Burrawong Garden Nursery via HortOS,Allocasuarina inophloia,200mm,12.50,12.50,available,exact_listed_size_price,https://au.hortosapp.com/plants/allocasuarina-inophloia,2026-09-18,exact_hortos_botanical_name,,6 days ago,2026-10-18,loaded_exact_species_and_size_price
Allocasuarina inophloia,exact_catalogue_name,Wirin Wirra - Native Nursery via HortOS,Allocasuarina inophloia,140mm,8.40,8.40,available,exact_listed_size_price,https://au.hortosapp.com/plants/allocasuarina-inophloia,2026-09-18,exact_hortos_botanical_name,,6 days ago,2026-10-18,loaded_exact_species_and_size_price
Allocasuarina leuhmannii,species_or_cultivar_listing,Birds in the Bush Indigenous Plant Nursery via HortOS,Allocasuarina luehmannii,Tube,1.82,1.82,available,exact_listed_size_price,https://au.hortosapp.com/plants/allocasuarina-luehmannii,2026-09-18,exact_gbif_species_alias,https://www.gbif.org/species/2891843,12 days ago,2026-10-18,loaded_exact_species_and_size_price
Argyrodendron actinophyllum,exact_catalogue_name,Eastern Forest Nursery Pty Ltd via HortOS,Argyrodendron actinophyllum,Tube,2.20,2.20,available,exact_listed_size_price,https://au.hortosapp.com/plants/argyrodendron-actinophyllum,2026-09-18,exact_hortos_botanical_name,,6 days ago,2026-10-18,loaded_exact_species_and_size_price
Atherosperma moschatum,exact_catalogue_name,Melaleuca Nursery via HortOS,Atherosperma moschatum,200mm,14.00,14.00,available,exact_listed_size_price,https://au.hortosapp.com/plants/atherosperma-moschatum,2026-09-18,exact_hortos_botanical_name,,6 days ago,2026-10-18,loaded_exact_species_and_size_price
Atherosperma moschatum,exact_catalogue_name,Silver Banksia Nursery via HortOS,Atherosperma moschatum,140mm,12.55,12.55,available,exact_listed_size_price,https://au.hortosapp.com/plants/atherosperma-moschatum,2026-09-18,exact_hortos_botanical_name,,12 days ago,2026-10-18,loaded_exact_species_and_size_price
Atherosperma moschatum,exact_catalogue_name,Silver Banksia Nursery via HortOS,Atherosperma moschatum,15L,12.55,12.55,available,exact_listed_size_price,https://au.hortosapp.com/plants/atherosperma-moschatum,2026-09-18,exact_hortos_botanical_name,,16 days ago,2026-10-18,loaded_exact_species_and_size_price
Atherosperma moschatum,exact_catalogue_name,Silver Banksia Nursery via HortOS,Atherosperma moschatum,3L,12.55,12.55,available,exact_listed_size_price,https://au.hortosapp.com/plants/atherosperma-moschatum,2026-09-18,exact_hortos_botanical_name,,16 days ago,2026-10-18,loaded_exact_species_and_size_price
Auranticarpa rhombifolia,exact_catalogue_name,Bunya Nurseries via HortOS,Auranticarpa rhombifolia,45L,15.00,15.00,available,exact_listed_size_price,https://au.hortosapp.com/plants/auranticarpa-rhombifolia,2026-09-18,exact_hortos_botanical_name,,5 days ago,2026-10-18,loaded_exact_species_and_size_price
Auranticarpa rhombifolia,exact_catalogue_name,Go Green Rainforest Nursery via HortOS,Auranticarpa rhombifolia,200mm,15.50,15.50,available,exact_listed_size_price,https://au.hortosapp.com/plants/auranticarpa-rhombifolia,2026-09-18,exact_hortos_botanical_name,,6 days ago,2026-10-18,loaded_exact_species_and_size_price
Auranticarpa rhombifolia,exact_catalogue_name,Kumbartcho Nursery via HortOS,Auranticarpa rhombifolia,Tube,1.55,1.55,available,exact_listed_size_price,https://au.hortosapp.com/plants/auranticarpa-rhombifolia,2026-09-18,exact_hortos_botanical_name,,6 days ago,2026-10-18,loaded_exact_species_and_size_price
Auranticarpa rhombifolia,exact_catalogue_name,Noosa and District Landcare Group Inc via HortOS,Auranticarpa rhombifolia,Tube,2.00,2.00,available,exact_listed_size_price,https://au.hortosapp.com/plants/auranticarpa-rhombifolia,2026-09-18,exact_hortos_botanical_name,,6 days ago,2026-10-18,loaded_exact_species_and_size_price
Auranticarpa rhombifolia,exact_catalogue_name,Paten Park Native Nursery via HortOS,Auranticarpa rhombifolia,Tube,3.00,3.00,available,exact_listed_size_price,https://au.hortosapp.com/plants/auranticarpa-rhombifolia,2026-09-18,exact_hortos_botanical_name,,12 days ago,2026-10-18,loaded_exact_species_and_size_price
Auranticarpa rhombifolia,exact_catalogue_name,Regen Australia via HortOS,Auranticarpa rhombifolia,Tube,2.52,2.52,available,exact_listed_size_price,https://au.hortosapp.com/plants/auranticarpa-rhombifolia,2026-09-18,exact_hortos_botanical_name,,6 days ago,2026-10-18,loaded_exact_species_and_size_price
Auranticarpa rhombifolia,exact_catalogue_name,SEQ Natives via HortOS,Auranticarpa rhombifolia,50mm,8.00,8.00,available,exact_listed_size_price,https://au.hortosapp.com/plants/auranticarpa-rhombifolia,2026-09-18,exact_hortos_botanical_name,,5 days ago,2026-10-18,loaded_exact_species_and_size_price
Brachychiton rupestre,exact_catalogue_name,Bunya Nurseries via HortOS,Brachychiton rupestre,45L,15.00,15.00,available,exact_listed_size_price,https://au.hortosapp.com/plants/brachychiton-rupestre,2026-09-18,exact_hortos_botanical_name,,5 days ago,2026-10-18,loaded_exact_species_and_size_price
Brachychiton rupestre,exact_catalogue_name,Westland Nurseries via HortOS,Brachychiton rupestre,75L,275.00,275.00,available,exact_listed_size_price,https://au.hortosapp.com/plants/brachychiton-rupestre,2026-09-18,exact_hortos_botanical_name,,6 days ago,2026-10-18,loaded_exact_species_and_size_price
Callistemon linearis,exact_catalogue_name,Apunga Native Nursery via HortOS,Callistemon linearis,Tube,2.50,2.50,available,exact_listed_size_price,https://au.hortosapp.com/plants/callistemon-linearis,2026-09-18,exact_hortos_botanical_name,,6 days ago,2026-10-18,loaded_exact_species_and_size_price
Callistemon linearis,exact_catalogue_name,Forest Nurseries via HortOS,Callistemon linearis,Hiko,1.85,1.85,available,exact_listed_size_price,https://au.hortosapp.com/plants/callistemon-linearis,2026-09-18,exact_hortos_botanical_name,,6 days ago,2026-10-18,loaded_exact_species_and_size_price
Callistemon linearis,exact_catalogue_name,Forest Nurseries via HortOS,Callistemon linearis,Tube,2.15,2.15,available,exact_listed_size_price,https://au.hortosapp.com/plants/callistemon-linearis,2026-09-18,exact_hortos_botanical_name,,6 days ago,2026-10-18,loaded_exact_species_and_size_price
Callistemon linearis,exact_catalogue_name,Tamworth Regional Landcare via HortOS,Callistemon linearis,Tube,4.50,4.50,available,exact_listed_size_price,https://au.hortosapp.com/plants/callistemon-linearis,2026-09-18,exact_hortos_botanical_name,,6 days ago,2026-10-18,loaded_exact_species_and_size_price
Callistemon phoeniceus,exact_catalogue_name,Boyanup Botanical via HortOS,Callistemon phoeniceus,72 cell,59.56,59.56,available,exact_listed_size_price,https://au.hortosapp.com/plants/callistemon-phoeniceus,2026-09-18,exact_hortos_botanical_name,,12 days ago,2026-10-18,loaded_exact_species_and_size_price
Callistemon phoeniceus,exact_catalogue_name,Tamworth Regional Landcare via HortOS,Callistemon phoeniceus,Tube,4.50,4.50,available,exact_listed_size_price,https://au.hortosapp.com/plants/callistemon-phoeniceus,2026-09-18,exact_hortos_botanical_name,,6 days ago,2026-10-18,loaded_exact_species_and_size_price
Callistemon phoeniceus,exact_catalogue_name,Westgrow Farm Trees via HortOS,Callistemon phoeniceus,Forestry tube,22.73,22.73,available,exact_listed_size_price,https://au.hortosapp.com/plants/callistemon-phoeniceus,2026-09-18,exact_hortos_botanical_name,,12 days ago,2026-10-18,loaded_exact_species_and_size_price
Callistemon rigidus,exact_catalogue_name,Apunga Native Nursery via HortOS,Callistemon rigidus,Tube,2.50,2.50,available,exact_listed_size_price,https://au.hortosapp.com/plants/callistemon-rigidus,2026-09-18,exact_hortos_botanical_name,,6 days ago,2026-10-18,loaded_exact_species_and_size_price
Callistemon rigidus,exact_catalogue_name,Boyanup Botanical via HortOS,Callistemon rigidus,72 cell,59.56,59.56,available,exact_listed_size_price,https://au.hortosapp.com/plants/callistemon-rigidus,2026-09-18,exact_hortos_botanical_name,,12 days ago,2026-10-18,loaded_exact_species_and_size_price
Callistemon rigidus,exact_catalogue_name,Forest Nurseries via HortOS,Callistemon rigidus,Hiko,1.90,1.90,available,exact_listed_size_price,https://au.hortosapp.com/plants/callistemon-rigidus,2026-09-18,exact_hortos_botanical_name,,6 days ago,2026-10-18,loaded_exact_species_and_size_price
Callistemon rugulosus,exact_catalogue_name,Danganelly Native Plant Nursery via HortOS,Callistemon rugulosus,Tube,1.82,1.82,available,exact_listed_size_price,https://au.hortosapp.com/plants/callistemon-rugulosus,2026-09-18,exact_hortos_botanical_name,,12 days ago,2026-10-18,loaded_exact_species_and_size_price
Callistemon rugulosus,exact_catalogue_name,ecoDynamics SA via HortOS,Callistemon rugulosus,Hiko,1.05,1.05,available,exact_listed_size_price,https://au.hortosapp.com/plants/callistemon-rugulosus,2026-09-18,exact_hortos_botanical_name,,6 days ago,2026-10-18,loaded_exact_species_and_size_price
Callitris columellaris,exact_catalogue_name,Kumbartcho Nursery via HortOS,Callitris columellaris,Tube,1.55,1.55,available,exact_listed_size_price,https://au.hortosapp.com/plants/callitris-columellaris,2026-09-18,exact_hortos_botanical_name,,6 days ago,2026-10-18,loaded_exact_species_and_size_price
Callitris columellaris,exact_catalogue_name,Noosa and District Landcare Group Inc via HortOS,Callitris columellaris,Tube,2.00,2.00,available,exact_listed_size_price,https://au.hortosapp.com/plants/callitris-columellaris,2026-09-18,exact_hortos_botanical_name,,6 days ago,2026-10-18,loaded_exact_species_and_size_price
Callitris columellaris,exact_catalogue_name,Northern Rivers Natives via HortOS,Callitris columellaris,Tube,4.50,4.50,available,exact_listed_size_price,https://au.hortosapp.com/plants/callitris-columellaris,2026-09-18,exact_hortos_botanical_name,,12 days ago,2026-10-18,loaded_exact_species_and_size_price
Callitris columellaris,exact_catalogue_name,Paten Park Native Nursery via HortOS,Callitris columellaris,Tube,3.00,3.00,available,exact_listed_size_price,https://au.hortosapp.com/plants/callitris-columellaris,2026-09-18,exact_hortos_botanical_name,,12 days ago,2026-10-18,loaded_exact_species_and_size_price
Callitris columellaris,exact_catalogue_name,Regen Australia via HortOS,Callitris columellaris,Tube,2.52,2.52,available,exact_listed_size_price,https://au.hortosapp.com/plants/callitris-columellaris,2026-09-18,exact_hortos_botanical_name,,6 days ago,2026-10-18,loaded_exact_species_and_size_price
Cassina aculeata,species_or_cultivar_listing,Candlebark Community Nursery Inc via HortOS,Cassinia aculeata,Tube,3.18,3.18,available,exact_listed_size_price,https://au.hortosapp.com/plants/cassinia-aculeata,2026-09-18,exact_gbif_species_alias,https://www.gbif.org/species/5390402,6 days ago,2026-10-18,loaded_exact_species_and_size_price
Cassina aculeata,species_or_cultivar_listing,Conservation Collective Pty Ltd via HortOS,Cassinia aculeata,Tube,2.75,2.75,available,exact_listed_size_price,https://au.hortosapp.com/plants/cassinia-aculeata,2026-09-18,exact_gbif_species_alias,https://www.gbif.org/species/5390402,6 days ago,2026-10-18,loaded_exact_species_and_size_price
Cassina aculeata,species_or_cultivar_listing,Grand Ridge Propagation Nursery via HortOS,Cassinia aculeata,Tube,2.00,2.00,available,exact_listed_size_price,https://au.hortosapp.com/plants/cassinia-aculeata,2026-09-18,exact_gbif_species_alias,https://www.gbif.org/species/5390402,5 days ago,2026-10-18,loaded_exact_species_and_size_price
Cassina aculeata,species_or_cultivar_listing,Green Circle Plant Nursery via HortOS,Cassinia aculeata,Tube,3.00,3.00,available,exact_listed_size_price,https://au.hortosapp.com/plants/cassinia-aculeata,2026-09-18,exact_gbif_species_alias,https://www.gbif.org/species/5390402,5 days ago,2026-10-18,loaded_exact_species_and_size_price
Cassina aculeata,species_or_cultivar_listing,Greenlink Sandbelt Indigenous Nursery via HortOS,Cassinia aculeata,Tube,2.00,2.00,available,exact_listed_size_price,https://au.hortosapp.com/plants/cassinia-aculeata,2026-09-18,exact_gbif_species_alias,https://www.gbif.org/species/5390402,11 days ago,2026-10-18,loaded_exact_species_and_size_price
Cassina aculeata,species_or_cultivar_listing,Habitat Creations Group Pty Ltd via HortOS,Cassinia aculeata,Hiko,1.50,1.50,available,exact_listed_size_price,https://au.hortosapp.com/plants/cassinia-aculeata,2026-09-18,exact_gbif_species_alias,https://www.gbif.org/species/5390402,6 days ago,2026-10-18,loaded_exact_species_and_size_price
Cassina aculeata,species_or_cultivar_listing,Monaro Native Tree Nursery via HortOS,Cassinia aculeata,Hiko,1.65,1.65,available,exact_listed_size_price,https://au.hortosapp.com/plants/cassinia-aculeata,2026-09-18,exact_gbif_species_alias,https://www.gbif.org/species/5390402,6 days ago,2026-10-18,loaded_exact_species_and_size_price
Cassina aculeata,species_or_cultivar_listing,Monaro Native Tree Nursery via HortOS,Cassinia aculeata,Tube,2.50,2.50,available,exact_listed_size_price,https://au.hortosapp.com/plants/cassinia-aculeata,2026-09-18,exact_gbif_species_alias,https://www.gbif.org/species/5390402,6 days ago,2026-10-18,loaded_exact_species_and_size_price
Cassina aculeata,species_or_cultivar_listing,OzTrees Nursery via HortOS,Cassinia aculeata,Hiko,1.35,1.35,available,exact_listed_size_price,https://au.hortosapp.com/plants/cassinia-aculeata,2026-09-18,exact_gbif_species_alias,https://www.gbif.org/species/5390402,6 days ago,2026-10-18,loaded_exact_species_and_size_price
Cassina aculeata,species_or_cultivar_listing,Sandy Creek Trees via HortOS,Cassinia aculeata,Hiko,1.50,1.50,available,exact_listed_size_price,https://au.hortosapp.com/plants/cassinia-aculeata,2026-09-18,exact_gbif_species_alias,https://www.gbif.org/species/5390402,6 days ago,2026-10-18,loaded_exact_species_and_size_price
Cassina aculeata,species_or_cultivar_listing,Willum Warrain Bush Nursery via HortOS,Cassinia aculeata,Tube,3.00,3.00,available,exact_listed_size_price,https://au.hortosapp.com/plants/cassinia-aculeata,2026-09-18,exact_gbif_species_alias,https://www.gbif.org/species/5390402,6 days ago,2026-10-18,loaded_exact_species_and_size_price
Cassinia arcuata,exact_catalogue_name,Green Circle Plant Nursery via HortOS,Cassinia arcuata,Tube,3.00,3.00,available,exact_listed_size_price,https://au.hortosapp.com/plants/cassinia-arcuata,2026-09-18,exact_hortos_botanical_name,,5 days ago,2026-10-18,loaded_exact_species_and_size_price
Cassinia arcuata,exact_catalogue_name,Greenlink Sandbelt Indigenous Nursery via HortOS,Cassinia arcuata,Tube,1.00,1.00,available,exact_listed_size_price,https://au.hortosapp.com/plants/cassinia-arcuata,2026-09-18,exact_hortos_botanical_name,,11 days ago,2026-10-18,loaded_exact_species_and_size_price
Diploglottis australis,exact_catalogue_name,Eastern Forest Nursery Pty Ltd via HortOS,Diploglottis australis,Tube,2.20,2.20,available,exact_listed_size_price,https://au.hortosapp.com/plants/diploglottis-australis,2026-09-18,exact_hortos_botanical_name,,6 days ago,2026-10-18,loaded_exact_species_and_size_price
Diploglottis australis,exact_catalogue_name,Fairhill Gardens Nursery via HortOS,Diploglottis australis,140mm,13.00,13.00,available,exact_listed_size_price,https://au.hortosapp.com/plants/diploglottis-australis,2026-09-18,exact_hortos_botanical_name,,6 days ago,2026-10-18,loaded_exact_species_and_size_price
Diploglottis australis,exact_catalogue_name,Fairhill Gardens Nursery via HortOS,Diploglottis australis,200mm,19.00,19.00,available,exact_listed_size_price,https://au.hortosapp.com/plants/diploglottis-australis,2026-09-18,exact_hortos_botanical_name,,6 days ago,2026-10-18,loaded_exact_species_and_size_price
Diploglottis australis,exact_catalogue_name,Fairhill Gardens Nursery via HortOS,Diploglottis australis,250mm,25.00,25.00,available,exact_listed_size_price,https://au.hortosapp.com/plants/diploglottis-australis,2026-09-18,exact_hortos_botanical_name,,6 days ago,2026-10-18,loaded_exact_species_and_size_price
Diploglottis australis,exact_catalogue_name,Go Green Rainforest Nursery via HortOS,Diploglottis australis,200mm,15.50,15.50,available,exact_listed_size_price,https://au.hortosapp.com/plants/diploglottis-australis,2026-09-18,exact_hortos_botanical_name,,6 days ago,2026-10-18,loaded_exact_species_and_size_price
Diploglottis australis,exact_catalogue_name,Kumbartcho Nursery via HortOS,Diploglottis australis,Tube,1.55,1.55,available,exact_listed_size_price,https://au.hortosapp.com/plants/diploglottis-australis,2026-09-18,exact_hortos_botanical_name,,6 days ago,2026-10-18,loaded_exact_species_and_size_price
Diploglottis australis,exact_catalogue_name,Noosa and District Landcare Group Inc via HortOS,Diploglottis australis,Tube,2.00,2.00,available,exact_listed_size_price,https://au.hortosapp.com/plants/diploglottis-australis,2026-09-18,exact_hortos_botanical_name,,6 days ago,2026-10-18,loaded_exact_species_and_size_price
Diploglottis australis,exact_catalogue_name,Wallum Nurseries via HortOS,Diploglottis australis,Tube,3.15,3.15,available,exact_listed_size_price,https://au.hortosapp.com/plants/diploglottis-australis,2026-09-18,exact_hortos_botanical_name,,6 days ago,2026-10-18,loaded_exact_species_and_size_price
Eucalyptus aggregata,exact_catalogue_name,Danganelly Native Plant Nursery via HortOS,Eucalyptus aggregata,Tube,1.82,1.82,available,exact_listed_size_price,https://au.hortosapp.com/plants/eucalyptus-aggregata,2026-09-18,exact_hortos_botanical_name,,12 days ago,2026-10-18,loaded_exact_species_and_size_price
Eucalyptus astringens,exact_catalogue_name,Westgrow Farm Trees via HortOS,Eucalyptus astringens,Forestry tube,22.73,22.73,available,exact_listed_size_price,https://au.hortosapp.com/plants/eucalyptus-astringens,2026-09-18,exact_hortos_botanical_name,,12 days ago,2026-10-18,loaded_exact_species_and_size_price
Eucalyptus baxteri,exact_catalogue_name,Habitat Creations Group Pty Ltd via HortOS,Eucalyptus baxteri,Tube,2.00,2.00,available,exact_listed_size_price,https://au.hortosapp.com/plants/eucalyptus-baxteri,2026-09-18,exact_hortos_botanical_name,,6 days ago,2026-10-18,loaded_exact_species_and_size_price
Eucalyptus baxteri,exact_catalogue_name,Willunga Natives Incorporated via HortOS,Eucalyptus baxteri,Tube,2.00,2.00,available,exact_listed_size_price,https://au.hortosapp.com/plants/eucalyptus-baxteri,2026-09-18,exact_hortos_botanical_name,,12 days ago,2026-10-18,loaded_exact_species_and_size_price
Eucalyptus behriana,exact_catalogue_name,GrowAbility Nursery via HortOS,Eucalyptus behriana,Tube,4.09,4.09,available,exact_listed_size_price,https://au.hortosapp.com/plants/eucalyptus-behriana,2026-09-18,exact_hortos_botanical_name,,6 days ago,2026-10-18,loaded_exact_species_and_size_price
Eucalyptus cornuta,exact_catalogue_name,Tulla Natives via HortOS,Eucalyptus cornuta,Tube,2.13,2.13,available,exact_listed_size_price,https://au.hortosapp.com/plants/eucalyptus-cornuta,2026-09-18,exact_hortos_botanical_name,,6 days ago,2026-10-18,loaded_exact_species_and_size_price
Eucalyptus cornuta,exact_catalogue_name,Westgrow Farm Trees via HortOS,Eucalyptus cornuta,Forestry tube,22.73,22.73,available,exact_listed_size_price,https://au.hortosapp.com/plants/eucalyptus-cornuta,2026-09-18,exact_hortos_botanical_name,,12 days ago,2026-10-18,loaded_exact_species_and_size_price
Eucalyptus cypellocarpa,exact_catalogue_name,Grand Ridge Propagation Nursery via HortOS,Eucalyptus cypellocarpa,Tube,20.00,20.00,available,exact_listed_size_price,https://au.hortosapp.com/plants/eucalyptus-cypellocarpa,2026-09-18,exact_hortos_botanical_name,,5 days ago,2026-10-18,loaded_exact_species_and_size_price
Eucalyptus cypellocarpa,exact_catalogue_name,Green Circle Plant Nursery via HortOS,Eucalyptus cypellocarpa,Tube,3.00,3.00,available,exact_listed_size_price,https://au.hortosapp.com/plants/eucalyptus-cypellocarpa,2026-09-18,exact_hortos_botanical_name,,5 days ago,2026-10-18,loaded_exact_species_and_size_price
Eucalyptus cypellocarpa,exact_catalogue_name,Habitat Creations Group Pty Ltd via HortOS,Eucalyptus cypellocarpa,Hiko,1.75,1.75,available,exact_listed_size_price,https://au.hortosapp.com/plants/eucalyptus-cypellocarpa,2026-09-18,exact_hortos_botanical_name,,6 days ago,2026-10-18,loaded_exact_species_and_size_price
Eucalyptus cypellocarpa,exact_catalogue_name,Habitat Creations Group Pty Ltd via HortOS,Eucalyptus cypellocarpa,Tube,1.25,1.25,available,exact_listed_size_price,https://au.hortosapp.com/plants/eucalyptus-cypellocarpa,2026-09-18,exact_hortos_botanical_name,,6 days ago,2026-10-18,loaded_exact_species_and_size_price
Eucalyptus cypellocarpa,exact_catalogue_name,Jamberoo Native Nursery via HortOS,Eucalyptus cypellocarpa,Tube,1.85,1.85,available,exact_listed_size_price,https://au.hortosapp.com/plants/eucalyptus-cypellocarpa,2026-09-18,exact_hortos_botanical_name,,6 days ago,2026-10-18,loaded_exact_species_and_size_price
Eucalyptus diversicolor,exact_catalogue_name,Cowaramup Tree Farm via HortOS,Eucalyptus diversicolor,20L,100.00,100.00,available,exact_listed_size_price,https://au.hortosapp.com/plants/eucalyptus-diversicolor,2026-09-18,exact_hortos_botanical_name,,5 days ago,2026-10-18,loaded_exact_species_and_size_price
Eucalyptus diversicolor,exact_catalogue_name,Cowaramup Tree Farm via HortOS,Eucalyptus diversicolor,35L,150.00,150.00,available,exact_listed_size_price,https://au.hortosapp.com/plants/eucalyptus-diversicolor,2026-09-18,exact_hortos_botanical_name,,5 days ago,2026-10-18,loaded_exact_species_and_size_price
Eucalyptus diversifolia,exact_catalogue_name,Plants Direct Australia via HortOS,Eucalyptus diversifolia,330mm,69.90,69.90,available,exact_listed_size_price,https://au.hortosapp.com/plants/eucalyptus-diversifolia,2026-09-18,exact_hortos_botanical_name,,6 days ago,2026-10-18,loaded_exact_species_and_size_price
Eucalyptus dives,exact_catalogue_name,Arboretum Farm via HortOS,Eucalyptus dives,250mm,22.20,22.20,available,exact_listed_size_price,https://au.hortosapp.com/plants/eucalyptus-dives,2026-09-18,exact_hortos_botanical_name,,6 days ago,2026-10-18,loaded_exact_species_and_size_price
Eucalyptus dives,exact_catalogue_name,Danganelly Native Plant Nursery via HortOS,Eucalyptus dives,Tube,1.82,1.82,available,exact_listed_size_price,https://au.hortosapp.com/plants/eucalyptus-dives,2026-09-18,exact_hortos_botanical_name,,12 days ago,2026-10-18,loaded_exact_species_and_size_price
Eucalyptus dives,exact_catalogue_name,Tree Sales via HortOS,Eucalyptus dives,3L,33.00,33.00,available,exact_listed_size_price,https://au.hortosapp.com/plants/eucalyptus-dives,2026-09-18,exact_hortos_botanical_name,,6 days ago,2026-10-18,loaded_exact_species_and_size_price
Eucalyptus eremophila,exact_catalogue_name,GrowAbility Nursery via HortOS,Eucalyptus eremophila,Tube,4.09,4.09,available,exact_listed_size_price,https://au.hortosapp.com/plants/eucalyptus-eremophila,2026-09-18,exact_hortos_botanical_name,,6 days ago,2026-10-18,loaded_exact_species_and_size_price
Eucalyptus gardneri,exact_catalogue_name,GrowAbility Nursery via HortOS,Eucalyptus gardneri,Tube,4.09,4.09,available,exact_listed_size_price,https://au.hortosapp.com/plants/eucalyptus-gardneri,2026-09-18,exact_hortos_botanical_name,,6 days ago,2026-10-18,loaded_exact_species_and_size_price
Eucalyptus gardneri,exact_catalogue_name,Westland Nurseries via HortOS,Eucalyptus gardneri,35L,130.00,130.00,available,exact_listed_size_price,https://au.hortosapp.com/plants/eucalyptus-gardneri,2026-09-18,exact_hortos_botanical_name,,6 days ago,2026-10-18,loaded_exact_species_and_size_price
Eucalyptus globoidea,exact_catalogue_name,Candlebark Community Nursery Inc via HortOS,Eucalyptus globoidea,Tube,3.18,3.18,available,exact_listed_size_price,https://au.hortosapp.com/plants/eucalyptus-globoidea,2026-09-18,exact_hortos_botanical_name,,6 days ago,2026-10-18,loaded_exact_species_and_size_price
Eucalyptus globoidea,exact_catalogue_name,Forest Nurseries via HortOS,Eucalyptus globoidea,Hiko,1.90,1.90,available,exact_listed_size_price,https://au.hortosapp.com/plants/eucalyptus-globoidea,2026-09-18,exact_hortos_botanical_name,,6 days ago,2026-10-18,loaded_exact_species_and_size_price
Eucalyptus globoidea,exact_catalogue_name,Habitat Creations Group Pty Ltd via HortOS,Eucalyptus globoidea,Hiko,1.75,1.75,available,exact_listed_size_price,https://au.hortosapp.com/plants/eucalyptus-globoidea,2026-09-18,exact_hortos_botanical_name,,6 days ago,2026-10-18,loaded_exact_species_and_size_price
Eucalyptus globoidea,exact_catalogue_name,Undercover Nursery via HortOS,Eucalyptus globoidea,Tube,1.65,1.65,available,exact_listed_size_price,https://au.hortosapp.com/plants/eucalyptus-globoidea,2026-09-18,exact_hortos_botanical_name,,6 days ago,2026-10-18,loaded_exact_species_and_size_price
Eucalyptus grandis,exact_catalogue_name,Brush Turkey Enterprises via HortOS,Eucalyptus grandis,Tube,1.90,1.90,available,exact_listed_size_price,https://au.hortosapp.com/plants/eucalyptus-grandis,2026-09-18,exact_hortos_botanical_name,,6 days ago,2026-10-18,loaded_exact_species_and_size_price
Eucalyptus grandis,exact_catalogue_name,Kumbartcho Nursery via HortOS,Eucalyptus grandis,Tube,1.55,1.55,available,exact_listed_size_price,https://au.hortosapp.com/plants/eucalyptus-grandis,2026-09-18,exact_hortos_botanical_name,,6 days ago,2026-10-18,loaded_exact_species_and_size_price
Eucalyptus grandis,exact_catalogue_name,Noosa and District Landcare Group Inc via HortOS,Eucalyptus grandis,Tube,2.00,2.00,available,exact_listed_size_price,https://au.hortosapp.com/plants/eucalyptus-grandis,2026-09-18,exact_hortos_botanical_name,,6 days ago,2026-10-18,loaded_exact_species_and_size_price
Eucalyptus grandis,exact_catalogue_name,Northern Rivers Natives via HortOS,Eucalyptus grandis,Tube,3.50,3.50,available,exact_listed_size_price,https://au.hortosapp.com/plants/eucalyptus-grandis,2026-09-18,exact_hortos_botanical_name,,12 days ago,2026-10-18,loaded_exact_species_and_size_price
Eucalyptus grandis,exact_catalogue_name,Paten Park Native Nursery via HortOS,Eucalyptus grandis,Tube,3.00,3.00,available,exact_listed_size_price,https://au.hortosapp.com/plants/eucalyptus-grandis,2026-09-18,exact_hortos_botanical_name,,12 days ago,2026-10-18,loaded_exact_species_and_size_price
Eucalyptus grandis,exact_catalogue_name,Regen Australia via HortOS,Eucalyptus grandis,Tube,2.24,2.24,available,exact_listed_size_price,https://au.hortosapp.com/plants/eucalyptus-grandis,2026-09-18,exact_hortos_botanical_name,,6 days ago,2026-10-18,loaded_exact_species_and_size_price
Eucalyptus grandis,exact_catalogue_name,Tubestock Nursery Australia via HortOS,Eucalyptus grandis,Tube,1.80,1.80,available,exact_listed_size_price,https://au.hortosapp.com/plants/eucalyptus-grandis,2026-09-18,exact_hortos_botanical_name,,6 days ago,2026-10-18,loaded_exact_species_and_size_price
Eucalyptus grandis,exact_catalogue_name,Wallum Nurseries via HortOS,Eucalyptus grandis,Tube,2.45,2.45,available,exact_listed_size_price,https://au.hortosapp.com/plants/eucalyptus-grandis,2026-09-18,exact_hortos_botanical_name,,6 days ago,2026-10-18,loaded_exact_species_and_size_price
Eucalyptus grandis,exact_catalogue_name,Westgrow Farm Trees via HortOS,Eucalyptus grandis,Forestry tube,22.73,22.73,available,exact_listed_size_price,https://au.hortosapp.com/plants/eucalyptus-grandis,2026-09-18,exact_hortos_botanical_name,,12 days ago,2026-10-18,loaded_exact_species_and_size_price
Eucalyptus grandis,exact_catalogue_name,Yuruga Nursery (Arakai Pty Ltd) via HortOS,Eucalyptus grandis,Tube,5.00,5.00,available,exact_listed_size_price,https://au.hortosapp.com/plants/eucalyptus-grandis,2026-09-18,exact_hortos_botanical_name,,6 days ago,2026-10-18,loaded_exact_species_and_size_price
Eucalyptus grossa,exact_catalogue_name,GrowAbility Nursery via HortOS,Eucalyptus grossa,Tube,4.09,4.09,available,exact_listed_size_price,https://au.hortosapp.com/plants/eucalyptus-grossa,2026-09-18,exact_hortos_botanical_name,,6 days ago,2026-10-18,loaded_exact_species_and_size_price
Eucalyptus megacornuta,exact_catalogue_name,GrowAbility Nursery via HortOS,Eucalyptus megacornuta,Tube,4.09,4.09,available,exact_listed_size_price,https://au.hortosapp.com/plants/eucalyptus-megacornuta,2026-09-18,exact_hortos_botanical_name,,6 days ago,2026-10-18,loaded_exact_species_and_size_price
Eucalyptus nutans,exact_catalogue_name,Tulla Natives via HortOS,Eucalyptus nutans,Tube,2.13,2.13,available,exact_listed_size_price,https://au.hortosapp.com/plants/eucalyptus-nutans,2026-09-18,exact_hortos_botanical_name,,6 days ago,2026-10-18,loaded_exact_species_and_size_price
Eucalyptus oleosa,exact_catalogue_name,GrowAbility Nursery via HortOS,Eucalyptus oleosa,Tube,4.09,4.09,available,exact_listed_size_price,https://au.hortosapp.com/plants/eucalyptus-oleosa,2026-09-18,exact_hortos_botanical_name,,6 days ago,2026-10-18,loaded_exact_species_and_size_price
Eucalyptus oleosa,exact_catalogue_name,McKindlays Riverine Nursery via HortOS,Eucalyptus oleosa,Hiko,0.90,0.90,available,exact_listed_size_price,https://au.hortosapp.com/plants/eucalyptus-oleosa,2026-09-18,exact_hortos_botanical_name,,6 days ago,2026-10-18,loaded_exact_species_and_size_price
Eucalyptus orbifolia,exact_catalogue_name,GrowAbility Nursery via HortOS,Eucalyptus orbifolia,150mm,13.64,13.64,available,exact_listed_size_price,https://au.hortosapp.com/plants/eucalyptus-orbifolia,2026-09-18,exact_hortos_botanical_name,,6 days ago,2026-10-18,loaded_exact_species_and_size_price
Eucalyptus orbifolia,exact_catalogue_name,GrowAbility Nursery via HortOS,Eucalyptus orbifolia,35L,99.09,99.09,available,exact_listed_size_price,https://au.hortosapp.com/plants/eucalyptus-orbifolia,2026-09-18,exact_hortos_botanical_name,,6 days ago,2026-10-18,loaded_exact_species_and_size_price
Eucalyptus orbifolia,exact_catalogue_name,GrowAbility Nursery via HortOS,Eucalyptus orbifolia,Tube,4.09,4.09,available,exact_listed_size_price,https://au.hortosapp.com/plants/eucalyptus-orbifolia,2026-09-18,exact_hortos_botanical_name,,6 days ago,2026-10-18,loaded_exact_species_and_size_price
Eucalyptus orbifolia,exact_catalogue_name,Tulla Natives via HortOS,Eucalyptus orbifolia,Tube,2.13,2.13,available,exact_listed_size_price,https://au.hortosapp.com/plants/eucalyptus-orbifolia,2026-09-18,exact_hortos_botanical_name,,6 days ago,2026-10-18,loaded_exact_species_and_size_price
Eucalyptus perriniana,exact_catalogue_name,Greenhill Nursery via HortOS,Eucalyptus perriniana,200mm,24.95,24.95,available,exact_listed_size_price,https://au.hortosapp.com/plants/eucalyptus-perriniana,2026-09-18,exact_hortos_botanical_name,,6 days ago,2026-10-18,loaded_exact_species_and_size_price
Eucalyptus perriniana,exact_catalogue_name,Greenhill Nursery via HortOS,Eucalyptus perriniana,45L,145.00,145.00,available,exact_listed_size_price,https://au.hortosapp.com/plants/eucalyptus-perriniana,2026-09-18,exact_hortos_botanical_name,,6 days ago,2026-10-18,loaded_exact_species_and_size_price
Eucalyptus perriniana,exact_catalogue_name,Monaro Native Tree Nursery via HortOS,Eucalyptus perriniana,200mm,15.00,15.00,available,exact_listed_size_price,https://au.hortosapp.com/plants/eucalyptus-perriniana,2026-09-18,exact_hortos_botanical_name,,6 days ago,2026-10-18,loaded_exact_species_and_size_price
Eucalyptus populnea,exact_catalogue_name,GrowAbility Nursery via HortOS,Eucalyptus populnea,Tube,4.09,4.09,available,exact_listed_size_price,https://au.hortosapp.com/plants/eucalyptus-populnea,2026-09-18,exact_hortos_botanical_name,,6 days ago,2026-10-18,loaded_exact_species_and_size_price
Eucalyptus populnea,exact_catalogue_name,Jayfields Nursery via HortOS,Eucalyptus populnea,Hiko,1.40,1.40,available,exact_listed_size_price,https://au.hortosapp.com/plants/eucalyptus-populnea,2026-09-18,exact_hortos_botanical_name,,6 days ago,2026-10-18,loaded_exact_species_and_size_price
Eucalyptus populnea,exact_catalogue_name,Tubestock Nursery Australia via HortOS,Eucalyptus populnea,Tube,1.80,1.80,available,exact_listed_size_price,https://au.hortosapp.com/plants/eucalyptus-populnea,2026-09-18,exact_hortos_botanical_name,,6 days ago,2026-10-18,loaded_exact_species_and_size_price
Eucalyptus populnea,exact_catalogue_name,Tulla Natives via HortOS,Eucalyptus populnea,Tube,2.13,2.13,available,exact_listed_size_price,https://au.hortosapp.com/plants/eucalyptus-populnea,2026-09-18,exact_hortos_botanical_name,,6 days ago,2026-10-18,loaded_exact_species_and_size_price
Eucalyptus populnea,exact_catalogue_name,Wallum Nurseries via HortOS,Eucalyptus populnea,Tube,2.45,2.45,available,exact_listed_size_price,https://au.hortosapp.com/plants/eucalyptus-populnea,2026-09-18,exact_hortos_botanical_name,,6 days ago,2026-10-18,loaded_exact_species_and_size_price
Eucalyptus pryoriana,exact_catalogue_name,Dinsan Nursery via HortOS,Eucalyptus pryoriana,300mm,45.00,45.00,available,exact_listed_size_price,https://au.hortosapp.com/plants/eucalyptus-pryoriana,2026-09-18,exact_hortos_botanical_name,,6 days ago,2026-10-18,loaded_exact_species_and_size_price
Eucalyptus pryoriana,exact_catalogue_name,Dream-Time Wholesale Nursery via HortOS,Eucalyptus pryoriana,300mm,60.00,60.00,available,exact_listed_size_price,https://au.hortosapp.com/plants/eucalyptus-pryoriana,2026-09-18,exact_hortos_botanical_name,,6 days ago,2026-10-18,loaded_exact_species_and_size_price
Eucalyptus pryoriana,exact_catalogue_name,Grand Ridge Propagation Nursery via HortOS,Eucalyptus pryoriana,Tube,8.00,8.00,available,exact_listed_size_price,https://au.hortosapp.com/plants/eucalyptus-pryoriana,2026-09-18,exact_hortos_botanical_name,,5 days ago,2026-10-18,loaded_exact_species_and_size_price
Eucalyptus resinifera,exact_catalogue_name,Brush Turkey Enterprises via HortOS,Eucalyptus resinifera,Tube,1.90,1.90,available,exact_listed_size_price,https://au.hortosapp.com/plants/eucalyptus-resinifera,2026-09-18,exact_hortos_botanical_name,,6 days ago,2026-10-18,loaded_exact_species_and_size_price
Eucalyptus resinifera,exact_catalogue_name,Forest Nurseries via HortOS,Eucalyptus resinifera,Hiko,1.90,1.90,available,exact_listed_size_price,https://au.hortosapp.com/plants/eucalyptus-resinifera,2026-09-18,exact_hortos_botanical_name,,6 days ago,2026-10-18,loaded_exact_species_and_size_price
Eucalyptus resinifera,exact_catalogue_name,Kumbartcho Nursery via HortOS,Eucalyptus resinifera,Tube,1.55,1.55,available,exact_listed_size_price,https://au.hortosapp.com/plants/eucalyptus-resinifera,2026-09-18,exact_hortos_botanical_name,,6 days ago,2026-10-18,loaded_exact_species_and_size_price
Eucalyptus resinifera,exact_catalogue_name,Noosa and District Landcare Group Inc via HortOS,Eucalyptus resinifera,Tube,2.00,2.00,available,exact_listed_size_price,https://au.hortosapp.com/plants/eucalyptus-resinifera,2026-09-18,exact_hortos_botanical_name,,6 days ago,2026-10-18,loaded_exact_species_and_size_price
Eucalyptus resinifera,exact_catalogue_name,Undercover Nursery via HortOS,Eucalyptus resinifera,300mm,45.00,45.00,available,exact_listed_size_price,https://au.hortosapp.com/plants/eucalyptus-resinifera,2026-09-18,exact_hortos_botanical_name,,6 days ago,2026-10-18,loaded_exact_species_and_size_price
Eucalyptus resinifera,exact_catalogue_name,Undercover Nursery via HortOS,Eucalyptus resinifera,Tube,1.65,1.65,available,exact_listed_size_price,https://au.hortosapp.com/plants/eucalyptus-resinifera,2026-09-18,exact_hortos_botanical_name,,6 days ago,2026-10-18,loaded_exact_species_and_size_price
Eucalyptus resinifera,exact_catalogue_name,Wallum Nurseries via HortOS,Eucalyptus resinifera,Tube,2.45,2.45,available,exact_listed_size_price,https://au.hortosapp.com/plants/eucalyptus-resinifera,2026-09-18,exact_hortos_botanical_name,,6 days ago,2026-10-18,loaded_exact_species_and_size_price
Eucalyptus resinifera,exact_catalogue_name,Yuruga Nursery (Arakai Pty Ltd) via HortOS,Eucalyptus resinifera,Tube,5.00,5.00,available,exact_listed_size_price,https://au.hortosapp.com/plants/eucalyptus-resinifera,2026-09-18,exact_hortos_botanical_name,,6 days ago,2026-10-18,loaded_exact_species_and_size_price
Eucalyptus salmanophloia,species_or_cultivar_listing,GrowAbility Nursery via HortOS,Eucalyptus salmonophloia,150mm,13.64,13.64,available,exact_listed_size_price,https://au.hortosapp.com/plants/eucalyptus-salmonophloia,2026-09-18,exact_gbif_species_alias,https://www.gbif.org/species/3176553,6 days ago,2026-10-18,loaded_exact_species_and_size_price
Eucalyptus salmanophloia,species_or_cultivar_listing,GrowAbility Nursery via HortOS,Eucalyptus salmonophloia,35L,99.09,99.09,available,exact_listed_size_price,https://au.hortosapp.com/plants/eucalyptus-salmonophloia,2026-09-18,exact_gbif_species_alias,https://www.gbif.org/species/3176553,6 days ago,2026-10-18,loaded_exact_species_and_size_price
Eucalyptus salmanophloia,species_or_cultivar_listing,GrowAbility Nursery via HortOS,Eucalyptus salmonophloia,Tube,4.09,4.09,available,exact_listed_size_price,https://au.hortosapp.com/plants/eucalyptus-salmonophloia,2026-09-18,exact_gbif_species_alias,https://www.gbif.org/species/3176553,6 days ago,2026-10-18,loaded_exact_species_and_size_price
Eucalyptus salmanophloia,species_or_cultivar_listing,Murray River Tree Farm Pty Ltd via HortOS,Eucalyptus salmonophloia,200mm,12.95,12.95,available,exact_listed_size_price,https://au.hortosapp.com/plants/eucalyptus-salmonophloia,2026-09-18,exact_gbif_species_alias,https://www.gbif.org/species/3176553,6 days ago,2026-10-18,loaded_exact_species_and_size_price
Eucalyptus salmanophloia,species_or_cultivar_listing,Tree Sales via HortOS,Eucalyptus salmonophloia,3L,33.00,33.00,available,exact_listed_size_price,https://au.hortosapp.com/plants/eucalyptus-salmonophloia,2026-09-18,exact_gbif_species_alias,https://www.gbif.org/species/3176553,6 days ago,2026-10-18,loaded_exact_species_and_size_price
Eucalyptus salmanophloia,species_or_cultivar_listing,Tulla Natives via HortOS,Eucalyptus salmonophloia,Tube,2.13,2.13,available,exact_listed_size_price,https://au.hortosapp.com/plants/eucalyptus-salmonophloia,2026-09-18,exact_gbif_species_alias,https://www.gbif.org/species/3176553,6 days ago,2026-10-18,loaded_exact_species_and_size_price
Eucalyptus salmanophloia,species_or_cultivar_listing,Westgrow Farm Trees via HortOS,Eucalyptus salmonophloia,Forestry tube,22.73,22.73,available,exact_listed_size_price,https://au.hortosapp.com/plants/eucalyptus-salmonophloia,2026-09-18,exact_gbif_species_alias,https://www.gbif.org/species/3176553,12 days ago,2026-10-18,loaded_exact_species_and_size_price
Eucalyptus salmonophloia,exact_catalogue_name,GrowAbility Nursery via HortOS,Eucalyptus salmonophloia,150mm,13.64,13.64,available,exact_listed_size_price,https://au.hortosapp.com/plants/eucalyptus-salmonophloia,2026-09-18,exact_hortos_botanical_name,,6 days ago,2026-10-18,loaded_exact_species_and_size_price
Eucalyptus salmonophloia,exact_catalogue_name,GrowAbility Nursery via HortOS,Eucalyptus salmonophloia,35L,99.09,99.09,available,exact_listed_size_price,https://au.hortosapp.com/plants/eucalyptus-salmonophloia,2026-09-18,exact_hortos_botanical_name,,6 days ago,2026-10-18,loaded_exact_species_and_size_price
Eucalyptus salmonophloia,exact_catalogue_name,GrowAbility Nursery via HortOS,Eucalyptus salmonophloia,Tube,4.09,4.09,available,exact_listed_size_price,https://au.hortosapp.com/plants/eucalyptus-salmonophloia,2026-09-18,exact_hortos_botanical_name,,6 days ago,2026-10-18,loaded_exact_species_and_size_price
Eucalyptus salmonophloia,exact_catalogue_name,Murray River Tree Farm Pty Ltd via HortOS,Eucalyptus salmonophloia,200mm,12.95,12.95,available,exact_listed_size_price,https://au.hortosapp.com/plants/eucalyptus-salmonophloia,2026-09-18,exact_hortos_botanical_name,,6 days ago,2026-10-18,loaded_exact_species_and_size_price
Eucalyptus salmonophloia,exact_catalogue_name,Tree Sales via HortOS,Eucalyptus salmonophloia,3L,33.00,33.00,available,exact_listed_size_price,https://au.hortosapp.com/plants/eucalyptus-salmonophloia,2026-09-18,exact_hortos_botanical_name,,6 days ago,2026-10-18,loaded_exact_species_and_size_price
Eucalyptus salmonophloia,exact_catalogue_name,Tulla Natives via HortOS,Eucalyptus salmonophloia,Tube,2.13,2.13,available,exact_listed_size_price,https://au.hortosapp.com/plants/eucalyptus-salmonophloia,2026-09-18,exact_hortos_botanical_name,,6 days ago,2026-10-18,loaded_exact_species_and_size_price
Eucalyptus salmonophloia,exact_catalogue_name,Westgrow Farm Trees via HortOS,Eucalyptus salmonophloia,Forestry tube,22.73,22.73,available,exact_listed_size_price,https://au.hortosapp.com/plants/eucalyptus-salmonophloia,2026-09-18,exact_hortos_botanical_name,,12 days ago,2026-10-18,loaded_exact_species_and_size_price
Eucalyptus salubris,exact_catalogue_name,GrowAbility Nursery via HortOS,Eucalyptus salubris,Tube,4.09,4.09,available,exact_listed_size_price,https://au.hortosapp.com/plants/eucalyptus-salubris,2026-09-18,exact_hortos_botanical_name,,6 days ago,2026-10-18,loaded_exact_species_and_size_price
Eucalyptus salubris,exact_catalogue_name,Tulla Natives via HortOS,Eucalyptus salubris,Tube,2.13,2.13,available,exact_listed_size_price,https://au.hortosapp.com/plants/eucalyptus-salubris,2026-09-18,exact_hortos_botanical_name,,6 days ago,2026-10-18,loaded_exact_species_and_size_price
Eucalyptus salubris,exact_catalogue_name,Westgrow Farm Trees via HortOS,Eucalyptus salubris,Forestry tube,22.73,22.73,available,exact_listed_size_price,https://au.hortosapp.com/plants/eucalyptus-salubris,2026-09-18,exact_hortos_botanical_name,,12 days ago,2026-10-18,loaded_exact_species_and_size_price
Eucalyptus sargentii,exact_catalogue_name,GrowAbility Nursery via HortOS,Eucalyptus sargentii,150mm,13.64,13.64,available,exact_listed_size_price,https://au.hortosapp.com/plants/eucalyptus-sargentii,2026-09-18,exact_hortos_botanical_name,,6 days ago,2026-10-18,loaded_exact_species_and_size_price
Eucalyptus sargentii,exact_catalogue_name,GrowAbility Nursery via HortOS,Eucalyptus sargentii,Tube,4.09,4.09,available,exact_listed_size_price,https://au.hortosapp.com/plants/eucalyptus-sargentii,2026-09-18,exact_hortos_botanical_name,,6 days ago,2026-10-18,loaded_exact_species_and_size_price
Eucalyptus sargentii,exact_catalogue_name,Westgrow Farm Trees via HortOS,Eucalyptus sargentii,Forestry tube,22.73,22.73,available,exact_listed_size_price,https://au.hortosapp.com/plants/eucalyptus-sargentii,2026-09-18,exact_hortos_botanical_name,,12 days ago,2026-10-18,loaded_exact_species_and_size_price
Eucalyptus serraensis,exact_catalogue_name,Plants Direct Australia via HortOS,Eucalyptus serraensis,330mm,69.90,69.90,available,exact_listed_size_price,https://au.hortosapp.com/plants/eucalyptus-serraensis,2026-09-18,exact_hortos_botanical_name,,6 days ago,2026-10-18,loaded_exact_species_and_size_price
Eucalyptus siderophloia,exact_catalogue_name,Eastern Forest Nursery Pty Ltd via HortOS,Eucalyptus siderophloia,Tube,2.20,2.20,available,exact_listed_size_price,https://au.hortosapp.com/plants/eucalyptus-siderophloia,2026-09-18,exact_hortos_botanical_name,,6 days ago,2026-10-18,loaded_exact_species_and_size_price
Eucalyptus siderophloia,exact_catalogue_name,Kumbartcho Nursery via HortOS,Eucalyptus siderophloia,Tube,1.55,1.55,available,exact_listed_size_price,https://au.hortosapp.com/plants/eucalyptus-siderophloia,2026-09-18,exact_hortos_botanical_name,,6 days ago,2026-10-18,loaded_exact_species_and_size_price
Eucalyptus siderophloia,exact_catalogue_name,Noosa and District Landcare Group Inc via HortOS,Eucalyptus siderophloia,Tube,2.00,2.00,available,exact_listed_size_price,https://au.hortosapp.com/plants/eucalyptus-siderophloia,2026-09-18,exact_hortos_botanical_name,,6 days ago,2026-10-18,loaded_exact_species_and_size_price
Eucalyptus siderophloia,exact_catalogue_name,Northern Rivers Natives via HortOS,Eucalyptus siderophloia,Tube,3.50,3.50,available,exact_listed_size_price,https://au.hortosapp.com/plants/eucalyptus-siderophloia,2026-09-18,exact_hortos_botanical_name,,12 days ago,2026-10-18,loaded_exact_species_and_size_price
Eucalyptus siderophloia,exact_catalogue_name,Paten Park Native Nursery via HortOS,Eucalyptus siderophloia,Tube,3.00,3.00,available,exact_listed_size_price,https://au.hortosapp.com/plants/eucalyptus-siderophloia,2026-09-18,exact_hortos_botanical_name,,12 days ago,2026-10-18,loaded_exact_species_and_size_price
Eucalyptus siderophloia,exact_catalogue_name,Tubestock Nursery Australia via HortOS,Eucalyptus siderophloia,200mm,12.50,12.50,available,exact_listed_size_price,https://au.hortosapp.com/plants/eucalyptus-siderophloia,2026-09-18,exact_hortos_botanical_name,,6 days ago,2026-10-18,loaded_exact_species_and_size_price
Eucalyptus siderophloia,exact_catalogue_name,Tubestock Nursery Australia via HortOS,Eucalyptus siderophloia,Tube,1.80,1.80,available,exact_listed_size_price,https://au.hortosapp.com/plants/eucalyptus-siderophloia,2026-09-18,exact_hortos_botanical_name,,6 days ago,2026-10-18,loaded_exact_species_and_size_price
Eucalyptus siderophloia,exact_catalogue_name,Wallum Nurseries via HortOS,Eucalyptus siderophloia,Tube,2.10,2.10,available,exact_listed_size_price,https://au.hortosapp.com/plants/eucalyptus-siderophloia,2026-09-18,exact_hortos_botanical_name,,6 days ago,2026-10-18,loaded_exact_species_and_size_price
Eucalyptus stellulata,exact_catalogue_name,Danganelly Native Plant Nursery via HortOS,Eucalyptus stellulata,Tube,1.82,1.82,available,exact_listed_size_price,https://au.hortosapp.com/plants/eucalyptus-stellulata,2026-09-18,exact_hortos_botanical_name,,12 days ago,2026-10-18,loaded_exact_species_and_size_price
Eucalyptus stellulata,exact_catalogue_name,Tulla Natives via HortOS,Eucalyptus stellulata,Tube,2.13,2.13,available,exact_listed_size_price,https://au.hortosapp.com/plants/eucalyptus-stellulata,2026-09-18,exact_hortos_botanical_name,,6 days ago,2026-10-18,loaded_exact_species_and_size_price
Eucalyptus stoatei,exact_catalogue_name,GrowAbility Nursery via HortOS,Eucalyptus stoatei,150mm,13.64,13.64,available,exact_listed_size_price,https://au.hortosapp.com/plants/eucalyptus-stoatei,2026-09-18,exact_hortos_botanical_name,,6 days ago,2026-10-18,loaded_exact_species_and_size_price
Eucalyptus stoatei,exact_catalogue_name,GrowAbility Nursery via HortOS,Eucalyptus stoatei,Tube,4.09,4.09,available,exact_listed_size_price,https://au.hortosapp.com/plants/eucalyptus-stoatei,2026-09-18,exact_hortos_botanical_name,,6 days ago,2026-10-18,loaded_exact_species_and_size_price
Eucalyptus stoatei,exact_catalogue_name,Tulla Natives via HortOS,Eucalyptus stoatei,Tube,2.13,2.13,available,exact_listed_size_price,https://au.hortosapp.com/plants/eucalyptus-stoatei,2026-09-18,exact_hortos_botanical_name,,6 days ago,2026-10-18,loaded_exact_species_and_size_price
Eucalyptus stricklandii,exact_catalogue_name,GrowAbility Nursery via HortOS,Eucalyptus stricklandii,150mm,13.64,13.64,available,exact_listed_size_price,https://au.hortosapp.com/plants/eucalyptus-stricklandii,2026-09-18,exact_hortos_botanical_name,,6 days ago,2026-10-18,loaded_exact_species_and_size_price
Eucalyptus stricklandii,exact_catalogue_name,GrowAbility Nursery via HortOS,Eucalyptus stricklandii,35L,99.09,99.09,available,exact_listed_size_price,https://au.hortosapp.com/plants/eucalyptus-stricklandii,2026-09-18,exact_hortos_botanical_name,,6 days ago,2026-10-18,loaded_exact_species_and_size_price
Eucalyptus stricklandii,exact_catalogue_name,GrowAbility Nursery via HortOS,Eucalyptus stricklandii,Tube,4.09,4.09,available,exact_listed_size_price,https://au.hortosapp.com/plants/eucalyptus-stricklandii,2026-09-18,exact_hortos_botanical_name,,6 days ago,2026-10-18,loaded_exact_species_and_size_price
Eucalyptus stricklandii,exact_catalogue_name,Murray River Tree Farm Pty Ltd via HortOS,Eucalyptus stricklandii,200mm,12.95,12.95,available,exact_listed_size_price,https://au.hortosapp.com/plants/eucalyptus-stricklandii,2026-09-18,exact_hortos_botanical_name,,6 days ago,2026-10-18,loaded_exact_species_and_size_price
Eucalyptus stricklandii,exact_catalogue_name,Native Plant Wholesalers Pty Ltd via HortOS,Eucalyptus stricklandii,140mm,6.75,6.75,available,exact_listed_size_price,https://au.hortosapp.com/plants/eucalyptus-stricklandii,2026-09-18,exact_hortos_botanical_name,,6 days ago,2026-10-18,loaded_exact_species_and_size_price
Eucalyptus stricklandii,exact_catalogue_name,Westgrow Farm Trees via HortOS,Eucalyptus stricklandii,Forestry tube,22.73,22.73,available,exact_listed_size_price,https://au.hortosapp.com/plants/eucalyptus-stricklandii,2026-09-18,exact_hortos_botanical_name,,12 days ago,2026-10-18,loaded_exact_species_and_size_price
Eucalyptus yarraensis,exact_catalogue_name,Birds in the Bush Indigenous Plant Nursery via HortOS,Eucalyptus yarraensis,Tube,1.82,1.82,available,exact_listed_size_price,https://au.hortosapp.com/plants/eucalyptus-yarraensis,2026-09-18,exact_hortos_botanical_name,,12 days ago,2026-10-18,loaded_exact_species_and_size_price
Hakea decurrens,exact_catalogue_name,Birds in the Bush Indigenous Plant Nursery via HortOS,Hakea decurrens,Tube,1.82,1.82,available,exact_listed_size_price,https://au.hortosapp.com/plants/hakea-decurrens,2026-09-18,exact_hortos_botanical_name,,12 days ago,2026-10-18,loaded_exact_species_and_size_price
Hakea decurrens,exact_catalogue_name,Go Green Rainforest Nursery via HortOS,Hakea decurrens,140mm,6.50,6.50,available,exact_listed_size_price,https://au.hortosapp.com/plants/hakea-decurrens,2026-09-18,exact_hortos_botanical_name,,6 days ago,2026-10-18,loaded_exact_species_and_size_price
Hakea decurrens,exact_catalogue_name,Habitat Creations Group Pty Ltd via HortOS,Hakea decurrens,Tube,2.50,2.50,available,exact_listed_size_price,https://au.hortosapp.com/plants/hakea-decurrens,2026-09-18,exact_hortos_botanical_name,,6 days ago,2026-10-18,loaded_exact_species_and_size_price
Hakea leucoptera,exact_catalogue_name,Mole Station Native Plant Nursery via HortOS,Hakea leucoptera,70mm,4.00,4.00,available,exact_listed_size_price,https://au.hortosapp.com/plants/hakea-leucoptera,2026-09-18,exact_hortos_botanical_name,,6 days ago,2026-10-18,loaded_exact_species_and_size_price
Jacksonia scoparia,exact_catalogue_name,Coolum Community Native Nursery via HortOS,Jacksonia scoparia,Tube,2.00,2.00,available,exact_listed_size_price,https://au.hortosapp.com/plants/jacksonia-scoparia,2026-09-18,exact_hortos_botanical_name,,6 days ago,2026-10-18,loaded_exact_species_and_size_price
Jacksonia scoparia,exact_catalogue_name,Noosa and District Landcare Group Inc via HortOS,Jacksonia scoparia,Tube,2.00,2.00,available,exact_listed_size_price,https://au.hortosapp.com/plants/jacksonia-scoparia,2026-09-18,exact_hortos_botanical_name,,6 days ago,2026-10-18,loaded_exact_species_and_size_price
Jacksonia scoparia,exact_catalogue_name,Paten Park Native Nursery via HortOS,Jacksonia scoparia,Tube,3.00,3.00,available,exact_listed_size_price,https://au.hortosapp.com/plants/jacksonia-scoparia,2026-09-18,exact_hortos_botanical_name,,12 days ago,2026-10-18,loaded_exact_species_and_size_price
Jacksonia scoparia,exact_catalogue_name,SEQ Natives via HortOS,Jacksonia scoparia,50mm,8.00,8.00,available,exact_listed_size_price,https://au.hortosapp.com/plants/jacksonia-scoparia,2026-09-18,exact_hortos_botanical_name,,5 days ago,2026-10-18,loaded_exact_species_and_size_price
Jacksonia scoparia,exact_catalogue_name,Wallum Nurseries via HortOS,Jacksonia scoparia,Tube,2.45,2.45,available,exact_listed_size_price,https://au.hortosapp.com/plants/jacksonia-scoparia,2026-09-18,exact_hortos_botanical_name,,6 days ago,2026-10-18,loaded_exact_species_and_size_price
Leptospermum juniperinum,exact_catalogue_name,Apunga Native Nursery via HortOS,Leptospermum juniperinum,Tube,2.50,2.50,available,exact_listed_size_price,https://au.hortosapp.com/plants/leptospermum-juniperinum,2026-09-18,exact_hortos_botanical_name,,6 days ago,2026-10-18,loaded_exact_species_and_size_price
Leptospermum juniperinum,exact_catalogue_name,Paten Park Native Nursery via HortOS,Leptospermum juniperinum,Tube,3.00,3.00,available,exact_listed_size_price,https://au.hortosapp.com/plants/leptospermum-juniperinum,2026-09-18,exact_hortos_botanical_name,,12 days ago,2026-10-18,loaded_exact_species_and_size_price
Leptospermum juniperinum,exact_catalogue_name,Wallum Nurseries via HortOS,Leptospermum juniperinum,Tube,2.45,2.45,available,exact_listed_size_price,https://au.hortosapp.com/plants/leptospermum-juniperinum,2026-09-18,exact_hortos_botanical_name,,6 days ago,2026-10-18,loaded_exact_species_and_size_price
Macrozamia communis,exact_catalogue_name,Diversifolius Nursery via HortOS,Macrozamia communis,140mm,16.95,16.95,available,exact_listed_size_price,https://au.hortosapp.com/plants/macrozamia-communis,2026-09-18,exact_hortos_botanical_name,,6 days ago,2026-10-18,loaded_exact_species_and_size_price
Macrozamia communis,exact_catalogue_name,Melbourne Plant Recovery via HortOS,Macrozamia communis,1000L,4500.00,4500.00,available,exact_listed_size_price,https://au.hortosapp.com/plants/macrozamia-communis,2026-09-18,exact_hortos_botanical_name,,6 days ago,2026-10-18,loaded_exact_species_and_size_price
Macrozamia communis,exact_catalogue_name,Melbourne Plant Recovery via HortOS,Macrozamia communis,300L,1800.00,1800.00,available,exact_listed_size_price,https://au.hortosapp.com/plants/macrozamia-communis,2026-09-18,exact_hortos_botanical_name,,6 days ago,2026-10-18,loaded_exact_species_and_size_price
Macrozamia communis,exact_catalogue_name,Melbourne Plant Recovery via HortOS,Macrozamia communis,500L,3400.00,3400.00,available,exact_listed_size_price,https://au.hortosapp.com/plants/macrozamia-communis,2026-09-18,exact_hortos_botanical_name,,6 days ago,2026-10-18,loaded_exact_species_and_size_price
Melaleuca elliptica,exact_catalogue_name,Boyanup Botanical via HortOS,Melaleuca elliptica,72 cell,59.56,59.56,available,exact_listed_size_price,https://au.hortosapp.com/plants/melaleuca-elliptica,2026-09-18,exact_hortos_botanical_name,,12 days ago,2026-10-18,loaded_exact_species_and_size_price
Melaleuca halmaturorum,exact_catalogue_name,GrowAbility Nursery via HortOS,Melaleuca halmaturorum,Tube,4.09,4.09,available,exact_listed_size_price,https://au.hortosapp.com/plants/melaleuca-halmaturorum,2026-09-18,exact_hortos_botanical_name,,6 days ago,2026-10-18,loaded_exact_species_and_size_price
Melaleuca halmaturorum,exact_catalogue_name,OzTrees Nursery via HortOS,Melaleuca halmaturorum,Hiko,1.35,1.35,available,exact_listed_size_price,https://au.hortosapp.com/plants/melaleuca-halmaturorum,2026-09-18,exact_hortos_botanical_name,,6 days ago,2026-10-18,loaded_exact_species_and_size_price
Melaleuca huegelii,exact_catalogue_name,Apace WA via HortOS,Melaleuca huegelii,Tube,3.00,3.00,available,exact_listed_size_price,https://au.hortosapp.com/plants/melaleuca-huegelii,2026-09-18,exact_hortos_botanical_name,,6 days ago,2026-10-18,loaded_exact_species_and_size_price
Melaleuca huegelii,exact_catalogue_name,Mansfields Propagation Nursery via HortOS,Melaleuca huegelii,Tube,1.84,1.84,available,exact_listed_size_price,https://au.hortosapp.com/plants/melaleuca-huegelii,2026-09-18,exact_hortos_botanical_name,,6 days ago,2026-10-18,loaded_exact_species_and_size_price
Melaleuca huegelii,exact_catalogue_name,Tulla Natives via HortOS,Melaleuca huegelii,Tube,4.25,4.25,available,exact_listed_size_price,https://au.hortosapp.com/plants/melaleuca-huegelii,2026-09-18,exact_hortos_botanical_name,,6 days ago,2026-10-18,loaded_exact_species_and_size_price
Melaleuca pallidus,species_or_cultivar_listing,Silver Banksia Nursery via HortOS,Melaleuca pallida,165mm,2.30,2.30,available,exact_listed_size_price,https://au.hortosapp.com/plants/melaleuca-pallida,2026-09-18,exact_gbif_species_alias,https://www.gbif.org/species/5415482,16 days ago,2026-10-18,loaded_exact_species_and_size_price
Melaleuca pallidus,species_or_cultivar_listing,Silver Banksia Nursery via HortOS,Melaleuca pallida,50mm,2.30,2.30,available,exact_listed_size_price,https://au.hortosapp.com/plants/melaleuca-pallida,2026-09-18,exact_gbif_species_alias,https://www.gbif.org/species/5415482,12 days ago,2026-10-18,loaded_exact_species_and_size_price
Melaleuca pulchella,exact_catalogue_name,Boyanup Botanical via HortOS,Melaleuca pulchella,72 cell,59.56,59.56,available,exact_listed_size_price,https://au.hortosapp.com/plants/melaleuca-pulchella,2026-09-18,exact_hortos_botanical_name,,12 days ago,2026-10-18,loaded_exact_species_and_size_price
Melaleuca pulchella,exact_catalogue_name,GrowAbility Nursery via HortOS,Melaleuca pulchella,Tube,4.09,4.09,available,exact_listed_size_price,https://au.hortosapp.com/plants/melaleuca-pulchella,2026-09-18,exact_hortos_botanical_name,,6 days ago,2026-10-18,loaded_exact_species_and_size_price
Melaleuca squamea,exact_catalogue_name,Apunga Native Nursery via HortOS,Melaleuca squamea,Tube,2.50,2.50,available,exact_listed_size_price,https://au.hortosapp.com/plants/melaleuca-squamea,2026-09-18,exact_hortos_botanical_name,,6 days ago,2026-10-18,loaded_exact_species_and_size_price
Melicytus dentatus,exact_catalogue_name,Birds in the Bush Indigenous Plant Nursery via HortOS,Melicytus dentatus,Tube,1.82,1.82,available,exact_listed_size_price,https://au.hortosapp.com/plants/melicytus-dentatus,2026-09-18,exact_hortos_botanical_name,,12 days ago,2026-10-18,loaded_exact_species_and_size_price
Melicytus dentatus,exact_catalogue_name,Candlebark Community Nursery Inc via HortOS,Melicytus dentatus,Tube,3.18,3.18,available,exact_listed_size_price,https://au.hortosapp.com/plants/melicytus-dentatus,2026-09-18,exact_hortos_botanical_name,,6 days ago,2026-10-18,loaded_exact_species_and_size_price
Melicytus dentatus,exact_catalogue_name,Habitat Creations Group Pty Ltd via HortOS,Melicytus dentatus,Hiko,1.75,1.75,available,exact_listed_size_price,https://au.hortosapp.com/plants/melicytus-dentatus,2026-09-18,exact_hortos_botanical_name,,6 days ago,2026-10-18,loaded_exact_species_and_size_price
Melicytus dentatus,exact_catalogue_name,Habitat Creations Group Pty Ltd via HortOS,Melicytus dentatus,Tube,2.00,2.00,available,exact_listed_size_price,https://au.hortosapp.com/plants/melicytus-dentatus,2026-09-18,exact_hortos_botanical_name,,6 days ago,2026-10-18,loaded_exact_species_and_size_price
Myrsine howittiana,exact_catalogue_name,Apunga Native Nursery via HortOS,Myrsine howittiana,Tube,2.50,2.50,available,exact_listed_size_price,https://au.hortosapp.com/plants/myrsine-howittiana,2026-09-18,exact_hortos_botanical_name,,6 days ago,2026-10-18,loaded_exact_species_and_size_price
Myrsine howittiana,exact_catalogue_name,Bunya Nurseries via HortOS,Myrsine howittiana,45L,15.00,15.00,available,exact_listed_size_price,https://au.hortosapp.com/plants/myrsine-howittiana,2026-09-18,exact_hortos_botanical_name,,5 days ago,2026-10-18,loaded_exact_species_and_size_price
Myrsine howittiana,exact_catalogue_name,Candlebark Community Nursery Inc via HortOS,Myrsine howittiana,Tube,3.18,3.18,available,exact_listed_size_price,https://au.hortosapp.com/plants/myrsine-howittiana,2026-09-18,exact_hortos_botanical_name,,6 days ago,2026-10-18,loaded_exact_species_and_size_price
Myrsine howittiana,exact_catalogue_name,Habitat Creations Group Pty Ltd via HortOS,Myrsine howittiana,Tube,2.50,2.50,available,exact_listed_size_price,https://au.hortosapp.com/plants/myrsine-howittiana,2026-09-18,exact_hortos_botanical_name,,6 days ago,2026-10-18,loaded_exact_species_and_size_price
Myrsine howittiana,exact_catalogue_name,Northern Rivers Natives via HortOS,Myrsine howittiana,Npt tube,4.50,4.50,available,exact_listed_size_price,https://au.hortosapp.com/plants/myrsine-howittiana,2026-09-18,exact_hortos_botanical_name,,12 days ago,2026-10-18,loaded_exact_species_and_size_price
Myrsine howittiana,exact_catalogue_name,Wirin Wirra - Native Nursery via HortOS,Myrsine howittiana,140mm,8.40,8.40,available,exact_listed_size_price,https://au.hortosapp.com/plants/myrsine-howittiana,2026-09-18,exact_hortos_botanical_name,,6 days ago,2026-10-18,loaded_exact_species_and_size_price
Myrsine howittiana,exact_catalogue_name,Wirin Wirra - Native Nursery via HortOS,Myrsine howittiana,Tube,3.00,3.00,available,exact_listed_size_price,https://au.hortosapp.com/plants/myrsine-howittiana,2026-09-18,exact_hortos_botanical_name,,6 days ago,2026-10-18,loaded_exact_species_and_size_price
Myrtus communis,exact_catalogue_name,Winterley Nurseries Pty Ltd via HortOS,Myrtus communis,125mm,2.20,2.20,available,exact_listed_size_price,https://au.hortosapp.com/plants/myrtus-communis,2026-09-18,exact_hortos_botanical_name,,6 days ago,2026-10-18,loaded_exact_species_and_size_price
Nothofagus cunninghamii,exact_catalogue_name,Greenhill Nursery via HortOS,Nothofagus cunninghamii,45L,175.00,175.00,available,exact_listed_size_price,https://au.hortosapp.com/plants/nothofagus-cunninghamii,2026-09-18,exact_hortos_botanical_name,,6 days ago,2026-10-18,loaded_exact_species_and_size_price
Nothofagus cunninghamii,exact_catalogue_name,Native Plant Wholesalers Pty Ltd via HortOS,Nothofagus cunninghamii,200mm,13.50,13.50,available,exact_listed_size_price,https://au.hortosapp.com/plants/nothofagus-cunninghamii,2026-09-18,exact_hortos_botanical_name,,6 days ago,2026-10-18,loaded_exact_species_and_size_price
Nothofagus cunninghamii,exact_catalogue_name,Silver Banksia Nursery via HortOS,Nothofagus cunninghamii,12L,45.00,45.00,available,exact_listed_size_price,https://au.hortosapp.com/plants/nothofagus-cunninghamii,2026-09-18,exact_hortos_botanical_name,,16 days ago,2026-10-18,loaded_exact_species_and_size_price
Nothofagus cunninghamii,exact_catalogue_name,Silver Banksia Nursery via HortOS,Nothofagus cunninghamii,250mm,45.00,45.00,available,exact_listed_size_price,https://au.hortosapp.com/plants/nothofagus-cunninghamii,2026-09-18,exact_hortos_botanical_name,,12 days ago,2026-10-18,loaded_exact_species_and_size_price
Nothofagus cunninghamii,exact_catalogue_name,Silver Banksia Nursery via HortOS,Nothofagus cunninghamii,300mm,55.00,55.00,available,exact_listed_size_price,https://au.hortosapp.com/plants/nothofagus-cunninghamii,2026-09-18,exact_hortos_botanical_name,,12 days ago,2026-10-18,loaded_exact_species_and_size_price
Nothofagus cunninghamii,exact_catalogue_name,Silver Banksia Nursery via HortOS,Nothofagus cunninghamii,8L,55.00,55.00,available,exact_listed_size_price,https://au.hortosapp.com/plants/nothofagus-cunninghamii,2026-09-18,exact_hortos_botanical_name,,16 days ago,2026-10-18,loaded_exact_species_and_size_price
Olea paniculata,exact_catalogue_name,Brush Turkey Enterprises via HortOS,Olea paniculata,Tube,3.00,3.00,available,exact_listed_size_price,https://au.hortosapp.com/plants/olea-paniculata,2026-09-18,exact_hortos_botanical_name,,6 days ago,2026-10-18,loaded_exact_species_and_size_price
Olea paniculata,exact_catalogue_name,Eastern Forest Nursery Pty Ltd via HortOS,Olea paniculata,Tube,2.20,2.20,available,exact_listed_size_price,https://au.hortosapp.com/plants/olea-paniculata,2026-09-18,exact_hortos_botanical_name,,6 days ago,2026-10-18,loaded_exact_species_and_size_price
Olea paniculata,exact_catalogue_name,Go Green Rainforest Nursery via HortOS,Olea paniculata,140mm,6.50,6.50,available,exact_listed_size_price,https://au.hortosapp.com/plants/olea-paniculata,2026-09-18,exact_hortos_botanical_name,,6 days ago,2026-10-18,loaded_exact_species_and_size_price
Olea paniculata,exact_catalogue_name,Go Green Rainforest Nursery via HortOS,Olea paniculata,200mm,15.50,15.50,available,exact_listed_size_price,https://au.hortosapp.com/plants/olea-paniculata,2026-09-18,exact_hortos_botanical_name,,6 days ago,2026-10-18,loaded_exact_species_and_size_price
Olea paniculata,exact_catalogue_name,Greenstock Nurseries via HortOS,Olea paniculata,Tube,3.00,3.00,available,exact_listed_size_price,https://au.hortosapp.com/plants/olea-paniculata,2026-09-18,exact_hortos_botanical_name,,6 days ago,2026-10-18,loaded_exact_species_and_size_price
Olea paniculata,exact_catalogue_name,Kumbartcho Nursery via HortOS,Olea paniculata,Tube,1.55,1.55,available,exact_listed_size_price,https://au.hortosapp.com/plants/olea-paniculata,2026-09-18,exact_hortos_botanical_name,,6 days ago,2026-10-18,loaded_exact_species_and_size_price
Olea paniculata,exact_catalogue_name,Noosa and District Landcare Group Inc via HortOS,Olea paniculata,Tube,2.00,2.00,available,exact_listed_size_price,https://au.hortosapp.com/plants/olea-paniculata,2026-09-18,exact_hortos_botanical_name,,6 days ago,2026-10-18,loaded_exact_species_and_size_price
Olea paniculata,exact_catalogue_name,Northern Rivers Natives via HortOS,Olea paniculata,Tube,4.50,4.50,available,exact_listed_size_price,https://au.hortosapp.com/plants/olea-paniculata,2026-09-18,exact_hortos_botanical_name,,12 days ago,2026-10-18,loaded_exact_species_and_size_price
Olea paniculata,exact_catalogue_name,Paten Park Native Nursery via HortOS,Olea paniculata,Tube,3.00,3.00,available,exact_listed_size_price,https://au.hortosapp.com/plants/olea-paniculata,2026-09-18,exact_hortos_botanical_name,,12 days ago,2026-10-18,loaded_exact_species_and_size_price
Olea paniculata,exact_catalogue_name,Regen Australia via HortOS,Olea paniculata,Tube,3.08,3.08,available,exact_listed_size_price,https://au.hortosapp.com/plants/olea-paniculata,2026-09-18,exact_hortos_botanical_name,,6 days ago,2026-10-18,loaded_exact_species_and_size_price
Pinus radiata,exact_catalogue_name,Batlow Rhododendron Nursery via HortOS,Pinus radiata,150mm,6.95,6.95,available,exact_listed_size_price,https://au.hortosapp.com/plants/pinus-radiata,2026-09-18,exact_hortos_botanical_name,,6 days ago,2026-10-18,loaded_exact_species_and_size_price
Pinus radiata,exact_catalogue_name,Batlow Rhododendron Nursery via HortOS,Pinus radiata,200mm,10.00,10.00,available,exact_listed_size_price,https://au.hortosapp.com/plants/pinus-radiata,2026-09-18,exact_hortos_botanical_name,,6 days ago,2026-10-18,loaded_exact_species_and_size_price
Pinus radiata,exact_catalogue_name,Batlow Rhododendron Nursery via HortOS,Pinus radiata,300mm,60.00,60.00,available,exact_listed_size_price,https://au.hortosapp.com/plants/pinus-radiata,2026-09-18,exact_hortos_botanical_name,,6 days ago,2026-10-18,loaded_exact_species_and_size_price
Pinus radiata,exact_catalogue_name,Batlow Rhododendron Nursery via HortOS,Pinus radiata,85mm,4.00,4.00,available,exact_listed_size_price,https://au.hortosapp.com/plants/pinus-radiata,2026-09-18,exact_hortos_botanical_name,,6 days ago,2026-10-18,loaded_exact_species_and_size_price
Pinus radiata,exact_catalogue_name,Batlow Rhododendron Nursery via HortOS,Pinus radiata,Tube,1.20,1.20,available,exact_listed_size_price,https://au.hortosapp.com/plants/pinus-radiata,2026-09-18,exact_hortos_botanical_name,,6 days ago,2026-10-18,loaded_exact_species_and_size_price
Pinus radiata,exact_catalogue_name,Boyanup Botanical via HortOS,Pinus radiata,63 cell,80.18,80.18,available,exact_listed_size_price,https://au.hortosapp.com/plants/pinus-radiata,2026-09-18,exact_hortos_botanical_name,,12 days ago,2026-10-18,loaded_exact_species_and_size_price
Pinus radiata,exact_catalogue_name,GrowAbility Nursery via HortOS,Pinus radiata,35L,109.00,109.00,available,exact_listed_size_price,https://au.hortosapp.com/plants/pinus-radiata,2026-09-18,exact_hortos_botanical_name,,6 days ago,2026-10-18,loaded_exact_species_and_size_price
Pinus radiata,exact_catalogue_name,Murray River Tree Farm Pty Ltd via HortOS,Pinus radiata,250mm,22.50,22.50,available,exact_listed_size_price,https://au.hortosapp.com/plants/pinus-radiata,2026-09-18,exact_hortos_botanical_name,,6 days ago,2026-10-18,loaded_exact_species_and_size_price
Pinus radiata,exact_catalogue_name,S and J Seedlings via HortOS,Pinus radiata,75mm,0.65,0.65,available,exact_listed_size_price,https://au.hortosapp.com/plants/pinus-radiata,2026-09-18,exact_hortos_botanical_name,,6 days ago,2026-10-18,loaded_exact_species_and_size_price
Pinus radiata,exact_catalogue_name,Spruced via HortOS,Pinus radiata,Hiko,3.00,3.00,available,exact_listed_size_price,https://au.hortosapp.com/plants/pinus-radiata,2026-09-18,exact_hortos_botanical_name,,6 days ago,2026-10-18,loaded_exact_species_and_size_price
Pittosporum angustifolium,exact_catalogue_name,Go Green Rainforest Nursery via HortOS,Pittosporum angustifolium,250mm,45.00,45.00,available,exact_listed_size_price,https://au.hortosapp.com/plants/pittosporum-angustifolium,2026-09-18,exact_hortos_botanical_name,,6 days ago,2026-10-18,loaded_exact_species_and_size_price
Pittosporum angustifolium,exact_catalogue_name,GrowAbility Nursery via HortOS,Pittosporum angustifolium,Tube,4.10,4.10,available,exact_listed_size_price,https://au.hortosapp.com/plants/pittosporum-angustifolium,2026-09-18,exact_hortos_botanical_name,,6 days ago,2026-10-18,loaded_exact_species_and_size_price
Pittosporum angustifolium,exact_catalogue_name,Kumbartcho Nursery via HortOS,Pittosporum angustifolium,Tube,1.55,1.55,available,exact_listed_size_price,https://au.hortosapp.com/plants/pittosporum-angustifolium,2026-09-18,exact_hortos_botanical_name,,6 days ago,2026-10-18,loaded_exact_species_and_size_price
Pittosporum angustifolium,exact_catalogue_name,Northern Rivers Natives via HortOS,Pittosporum angustifolium,Tube,4.50,4.50,available,exact_listed_size_price,https://au.hortosapp.com/plants/pittosporum-angustifolium,2026-09-18,exact_hortos_botanical_name,,12 days ago,2026-10-18,loaded_exact_species_and_size_price
Pittosporum angustifolium,exact_catalogue_name,Pacific Nurseries via HortOS,Pittosporum angustifolium,140mm,6.00,6.00,available,exact_listed_size_price,https://au.hortosapp.com/plants/pittosporum-angustifolium,2026-09-18,exact_hortos_botanical_name,,6 days ago,2026-10-18,loaded_exact_species_and_size_price
Pittosporum angustifolium,exact_catalogue_name,Reforest Bush Nursery via HortOS,Pittosporum angustifolium,140mm,7.00,7.00,available,exact_listed_size_price,https://au.hortosapp.com/plants/pittosporum-angustifolium,2026-09-18,exact_hortos_botanical_name,,6 days ago,2026-10-18,loaded_exact_species_and_size_price
Pittosporum angustifolium,exact_catalogue_name,Rocky Springs Nursery via HortOS,Pittosporum angustifolium,140mm,6.80,6.80,available,exact_listed_size_price,https://au.hortosapp.com/plants/pittosporum-angustifolium,2026-09-18,exact_hortos_botanical_name,,6 days ago,2026-10-18,loaded_exact_species_and_size_price
Pittosporum angustifolium,exact_catalogue_name,Rocky Springs Nursery via HortOS,Pittosporum angustifolium,200mm,11.50,11.50,available,exact_listed_size_price,https://au.hortosapp.com/plants/pittosporum-angustifolium,2026-09-18,exact_hortos_botanical_name,,6 days ago,2026-10-18,loaded_exact_species_and_size_price
Pittosporum angustifolium,exact_catalogue_name,Tamworth Regional Landcare via HortOS,Pittosporum angustifolium,Tube,4.50,4.50,available,exact_listed_size_price,https://au.hortosapp.com/plants/pittosporum-angustifolium,2026-09-18,exact_hortos_botanical_name,,6 days ago,2026-10-18,loaded_exact_species_and_size_price
Pittosporum angustifolium,exact_catalogue_name,Westgrow Farm Trees via HortOS,Pittosporum angustifolium,Forestry tube,22.73,22.73,available,exact_listed_size_price,https://au.hortosapp.com/plants/pittosporum-angustifolium,2026-09-18,exact_hortos_botanical_name,,12 days ago,2026-10-18,loaded_exact_species_and_size_price
Pittosporum angustifolium,exact_catalogue_name,Willunga Natives Incorporated via HortOS,Pittosporum angustifolium,Tube,2.00,2.00,available,exact_listed_size_price,https://au.hortosapp.com/plants/pittosporum-angustifolium,2026-09-18,exact_hortos_botanical_name,,12 days ago,2026-10-18,loaded_exact_species_and_size_price
Pittosporum bicolour,species_or_cultivar_listing,Candlebark Community Nursery Inc via HortOS,Pittosporum bicolor,Tube,4.55,4.55,available,exact_listed_size_price,https://au.hortosapp.com/plants/pittosporum-bicolor,2026-09-18,exact_gbif_species_alias,https://www.gbif.org/species/4161697,6 days ago,2026-10-18,loaded_exact_species_and_size_price
Pittosporum undulatum,exact_catalogue_name,Go Green Rainforest Nursery via HortOS,Pittosporum undulatum,140mm,6.50,6.50,available,exact_listed_size_price,https://au.hortosapp.com/plants/pittosporum-undulatum,2026-09-18,exact_hortos_botanical_name,,6 days ago,2026-10-18,loaded_exact_species_and_size_price
Pittosporum undulatum,exact_catalogue_name,Go Green Rainforest Nursery via HortOS,Pittosporum undulatum,200mm,15.50,15.50,available,exact_listed_size_price,https://au.hortosapp.com/plants/pittosporum-undulatum,2026-09-18,exact_hortos_botanical_name,,6 days ago,2026-10-18,loaded_exact_species_and_size_price
Pittosporum undulatum,exact_catalogue_name,Kumbartcho Nursery via HortOS,Pittosporum undulatum,Tube,1.55,1.55,available,exact_listed_size_price,https://au.hortosapp.com/plants/pittosporum-undulatum,2026-09-18,exact_hortos_botanical_name,,6 days ago,2026-10-18,loaded_exact_species_and_size_price
Pittosporum undulatum,exact_catalogue_name,Noosa and District Landcare Group Inc via HortOS,Pittosporum undulatum,Tube,2.00,2.00,available,exact_listed_size_price,https://au.hortosapp.com/plants/pittosporum-undulatum,2026-09-18,exact_hortos_botanical_name,,6 days ago,2026-10-18,loaded_exact_species_and_size_price
Pittosporum undulatum,exact_catalogue_name,Paten Park Native Nursery via HortOS,Pittosporum undulatum,Tube,3.00,3.00,available,exact_listed_size_price,https://au.hortosapp.com/plants/pittosporum-undulatum,2026-09-18,exact_hortos_botanical_name,,12 days ago,2026-10-18,loaded_exact_species_and_size_price
Pittosporum undulatum,exact_catalogue_name,Wallum Nurseries via HortOS,Pittosporum undulatum,Tube,3.15,3.15,available,exact_listed_size_price,https://au.hortosapp.com/plants/pittosporum-undulatum,2026-09-18,exact_hortos_botanical_name,,6 days ago,2026-10-18,loaded_exact_species_and_size_price
Pittosporum undulatum 'variagatum',species_or_cultivar_listing,Go Green Rainforest Nursery via HortOS,Pittosporum undulatum,140mm,6.50,6.50,available,exact_listed_size_price,https://au.hortosapp.com/plants/pittosporum-undulatum,2026-09-18,exact_gbif_species_alias,https://www.gbif.org/species/2986239,6 days ago,2026-10-18,loaded_exact_species_and_size_price
Pittosporum undulatum 'variagatum',species_or_cultivar_listing,Go Green Rainforest Nursery via HortOS,Pittosporum undulatum,200mm,15.50,15.50,available,exact_listed_size_price,https://au.hortosapp.com/plants/pittosporum-undulatum,2026-09-18,exact_gbif_species_alias,https://www.gbif.org/species/2986239,6 days ago,2026-10-18,loaded_exact_species_and_size_price
Pittosporum undulatum 'variagatum',species_or_cultivar_listing,Kumbartcho Nursery via HortOS,Pittosporum undulatum,Tube,1.55,1.55,available,exact_listed_size_price,https://au.hortosapp.com/plants/pittosporum-undulatum,2026-09-18,exact_gbif_species_alias,https://www.gbif.org/species/2986239,6 days ago,2026-10-18,loaded_exact_species_and_size_price
Pittosporum undulatum 'variagatum',species_or_cultivar_listing,Noosa and District Landcare Group Inc via HortOS,Pittosporum undulatum,Tube,2.00,2.00,available,exact_listed_size_price,https://au.hortosapp.com/plants/pittosporum-undulatum,2026-09-18,exact_gbif_species_alias,https://www.gbif.org/species/2986239,6 days ago,2026-10-18,loaded_exact_species_and_size_price
Pittosporum undulatum 'variagatum',species_or_cultivar_listing,Paten Park Native Nursery via HortOS,Pittosporum undulatum,Tube,3.00,3.00,available,exact_listed_size_price,https://au.hortosapp.com/plants/pittosporum-undulatum,2026-09-18,exact_gbif_species_alias,https://www.gbif.org/species/2986239,12 days ago,2026-10-18,loaded_exact_species_and_size_price
Pittosporum undulatum 'variagatum',species_or_cultivar_listing,Wallum Nurseries via HortOS,Pittosporum undulatum,Tube,3.15,3.15,available,exact_listed_size_price,https://au.hortosapp.com/plants/pittosporum-undulatum,2026-09-18,exact_gbif_species_alias,https://www.gbif.org/species/2986239,6 days ago,2026-10-18,loaded_exact_species_and_size_price
Polyscias sambucifolia,exact_catalogue_name,Apunga Native Nursery via HortOS,Polyscias sambucifolia,Tube,2.50,2.50,available,exact_listed_size_price,https://au.hortosapp.com/plants/polyscias-sambucifolia,2026-09-18,exact_hortos_botanical_name,,6 days ago,2026-10-18,loaded_exact_species_and_size_price
Polyscias sambucifolia,exact_catalogue_name,Candlebark Community Nursery Inc via HortOS,Polyscias sambucifolia,Tube,3.18,3.18,available,exact_listed_size_price,https://au.hortosapp.com/plants/polyscias-sambucifolia,2026-09-18,exact_hortos_botanical_name,,6 days ago,2026-10-18,loaded_exact_species_and_size_price
Pomaderris aspera,exact_catalogue_name,Candlebark Community Nursery Inc via HortOS,Pomaderris aspera,Tube,3.18,3.18,available,exact_listed_size_price,https://au.hortosapp.com/plants/pomaderris-aspera,2026-09-18,exact_hortos_botanical_name,,6 days ago,2026-10-18,loaded_exact_species_and_size_price
Pomaderris aspera,exact_catalogue_name,Grand Ridge Propagation Nursery via HortOS,Pomaderris aspera,Tube,3.00,3.00,available,exact_listed_size_price,https://au.hortosapp.com/plants/pomaderris-aspera,2026-09-18,exact_hortos_botanical_name,,5 days ago,2026-10-18,loaded_exact_species_and_size_price
Pomaderris aspera,exact_catalogue_name,Habitat Creations Group Pty Ltd via HortOS,Pomaderris aspera,Hiko,2.25,2.25,available,exact_listed_size_price,https://au.hortosapp.com/plants/pomaderris-aspera,2026-09-18,exact_hortos_botanical_name,,6 days ago,2026-10-18,loaded_exact_species_and_size_price
Pomaderris aspera,exact_catalogue_name,Habitat Creations Group Pty Ltd via HortOS,Pomaderris aspera,Tube,2.50,2.50,available,exact_listed_size_price,https://au.hortosapp.com/plants/pomaderris-aspera,2026-09-18,exact_hortos_botanical_name,,6 days ago,2026-10-18,loaded_exact_species_and_size_price
Populus tremula,exact_catalogue_name,PBM Nursery Pty Ltd via HortOS,Populus tremula,140mm,7.20,7.20,available,exact_listed_size_price,https://au.hortosapp.com/plants/populus-tremula,2026-09-18,exact_hortos_botanical_name,,6 days ago,2026-10-18,loaded_exact_species_and_size_price
Senna artemisioides,exact_catalogue_name,GrowAbility Nursery via HortOS,Senna artemisioides,Tube,4.09,4.09,available,exact_listed_size_price,https://au.hortosapp.com/plants/senna-artemisioides,2026-09-18,exact_hortos_botanical_name,,6 days ago,2026-10-18,loaded_exact_species_and_size_price
Senna artemisioides,exact_catalogue_name,McKindlays Riverine Nursery via HortOS,Senna artemisioides,Hiko,0.90,0.90,available,exact_listed_size_price,https://au.hortosapp.com/plants/senna-artemisioides,2026-09-18,exact_hortos_botanical_name,,6 days ago,2026-10-18,loaded_exact_species_and_size_price
Senna artemisioides,exact_catalogue_name,Tamworth Regional Landcare via HortOS,Senna artemisioides,Tube,4.50,4.50,available,exact_listed_size_price,https://au.hortosapp.com/plants/senna-artemisioides,2026-09-18,exact_hortos_botanical_name,,6 days ago,2026-10-18,loaded_exact_species_and_size_price
Senna artemisioides,exact_catalogue_name,Westgrow Farm Trees via HortOS,Senna artemisioides,Forestry tube,22.73,22.73,available,exact_listed_size_price,https://au.hortosapp.com/plants/senna-artemisioides,2026-09-18,exact_hortos_botanical_name,,12 days ago,2026-10-18,loaded_exact_species_and_size_price
Syzygium ingens,exact_catalogue_name,Go Green Rainforest Nursery via HortOS,Syzygium ingens,200mm,15.50,15.50,available,exact_listed_size_price,https://au.hortosapp.com/plants/syzygium-ingens,2026-09-18,exact_hortos_botanical_name,,6 days ago,2026-10-18,loaded_exact_species_and_size_price
Syzygium ingens,exact_catalogue_name,Northern Rivers Natives via HortOS,Syzygium ingens,Tube,4.50,4.50,available,exact_listed_size_price,https://au.hortosapp.com/plants/syzygium-ingens,2026-09-18,exact_hortos_botanical_name,,12 days ago,2026-10-18,loaded_exact_species_and_size_price
Syzygium leuhmannii,species_or_cultivar_listing,Alpine Nurseries Alstonville via HortOS,Syzygium luehmannii,400mm,114.30,114.30,available,exact_listed_size_price,https://au.hortosapp.com/plants/syzygium-luehmannii,2026-09-18,exact_gbif_species_alias,https://www.gbif.org/species/3182303,6 days ago,2026-10-18,loaded_exact_species_and_size_price
Syzygium leuhmannii,species_or_cultivar_listing,Alpine Nurseries Dural via HortOS,Syzygium luehmannii,300mm,49.50,49.50,available,exact_listed_size_price,https://au.hortosapp.com/plants/syzygium-luehmannii,2026-09-18,exact_gbif_species_alias,https://www.gbif.org/species/3182303,6 days ago,2026-10-18,loaded_exact_species_and_size_price
Syzygium leuhmannii,species_or_cultivar_listing,Arboretum Farm via HortOS,Syzygium luehmannii,200mm,15.00,15.00,available,exact_listed_size_price,https://au.hortosapp.com/plants/syzygium-luehmannii,2026-09-18,exact_gbif_species_alias,https://www.gbif.org/species/3182303,6 days ago,2026-10-18,loaded_exact_species_and_size_price
Syzygium leuhmannii,species_or_cultivar_listing,Brush Turkey Enterprises via HortOS,Syzygium luehmannii,Tube,2.20,2.20,available,exact_listed_size_price,https://au.hortosapp.com/plants/syzygium-luehmannii,2026-09-18,exact_gbif_species_alias,https://www.gbif.org/species/3182303,6 days ago,2026-10-18,loaded_exact_species_and_size_price
Syzygium leuhmannii,species_or_cultivar_listing,Burrawong Garden Nursery via HortOS,Syzygium luehmannii,140mm,6.80,6.80,available,exact_listed_size_price,https://au.hortosapp.com/plants/syzygium-luehmannii,2026-09-18,exact_gbif_species_alias,https://www.gbif.org/species/3182303,6 days ago,2026-10-18,loaded_exact_species_and_size_price
Syzygium leuhmannii,species_or_cultivar_listing,C.R. Mines Propagation Pty Ltd via HortOS,Syzygium luehmannii,Tube,1.68,1.68,available,exact_listed_size_price,https://au.hortosapp.com/plants/syzygium-luehmannii,2026-09-18,exact_gbif_species_alias,https://www.gbif.org/species/3182303,6 days ago,2026-10-18,loaded_exact_species_and_size_price
Syzygium leuhmannii,species_or_cultivar_listing,Daly's Native Plants via HortOS,Syzygium luehmannii,100L,210.00,210.00,available,exact_listed_size_price,https://au.hortosapp.com/plants/syzygium-luehmannii,2026-09-18,exact_gbif_species_alias,https://www.gbif.org/species/3182303,6 days ago,2026-10-18,loaded_exact_species_and_size_price
Syzygium leuhmannii,species_or_cultivar_listing,Dooralong Valley Native Plants via HortOS,Syzygium luehmannii,100L,288.00,288.00,available,exact_listed_size_price,https://au.hortosapp.com/plants/syzygium-luehmannii,2026-09-18,exact_gbif_species_alias,https://www.gbif.org/species/3182303,6 days ago,2026-10-18,loaded_exact_species_and_size_price
Syzygium leuhmannii,species_or_cultivar_listing,Dooralong Valley Native Plants via HortOS,Syzygium luehmannii,300mm,67.00,67.00,available,exact_listed_size_price,https://au.hortosapp.com/plants/syzygium-luehmannii,2026-09-18,exact_gbif_species_alias,https://www.gbif.org/species/3182303,6 days ago,2026-10-18,loaded_exact_species_and_size_price
Syzygium leuhmannii,species_or_cultivar_listing,Dooralong Valley Native Plants via HortOS,Syzygium luehmannii,400mm,155.00,155.00,available,exact_listed_size_price,https://au.hortosapp.com/plants/syzygium-luehmannii,2026-09-18,exact_gbif_species_alias,https://www.gbif.org/species/3182303,6 days ago,2026-10-18,loaded_exact_species_and_size_price
Syzygium leuhmannii,species_or_cultivar_listing,Downes Wholesale Nursery via HortOS,Syzygium luehmannii,200L,710.00,710.00,available,exact_listed_size_price,https://au.hortosapp.com/plants/syzygium-luehmannii,2026-09-18,exact_gbif_species_alias,https://www.gbif.org/species/3182303,6 days ago,2026-10-18,loaded_exact_species_and_size_price
Syzygium leuhmannii,species_or_cultivar_listing,Eastern Forest Nursery Pty Ltd via HortOS,Syzygium luehmannii,Tube,1.75,1.75,available,exact_listed_size_price,https://au.hortosapp.com/plants/syzygium-luehmannii,2026-09-18,exact_gbif_species_alias,https://www.gbif.org/species/3182303,6 days ago,2026-10-18,loaded_exact_species_and_size_price
Syzygium leuhmannii,species_or_cultivar_listing,Go Green Rainforest Nursery via HortOS,Syzygium luehmannii,300mm,45.00,45.00,available,exact_listed_size_price,https://au.hortosapp.com/plants/syzygium-luehmannii,2026-09-18,exact_gbif_species_alias,https://www.gbif.org/species/3182303,6 days ago,2026-10-18,loaded_exact_species_and_size_price
Syzygium leuhmannii,species_or_cultivar_listing,Greenstock Nurseries via HortOS,Syzygium luehmannii,Tube,1.90,1.90,available,exact_listed_size_price,https://au.hortosapp.com/plants/syzygium-luehmannii,2026-09-18,exact_gbif_species_alias,https://www.gbif.org/species/3182303,6 days ago,2026-10-18,loaded_exact_species_and_size_price
Syzygium leuhmannii,species_or_cultivar_listing,Kingscliff Nursery via HortOS,Syzygium luehmannii,200mm,15.00,15.00,available,exact_listed_size_price,https://au.hortosapp.com/plants/syzygium-luehmannii,2026-09-18,exact_gbif_species_alias,https://www.gbif.org/species/3182303,6 days ago,2026-10-18,loaded_exact_species_and_size_price
Syzygium leuhmannii,species_or_cultivar_listing,Kingscliff Nursery via HortOS,Syzygium luehmannii,250mm,40.00,40.00,available,exact_listed_size_price,https://au.hortosapp.com/plants/syzygium-luehmannii,2026-09-18,exact_gbif_species_alias,https://www.gbif.org/species/3182303,6 days ago,2026-10-18,loaded_exact_species_and_size_price
Syzygium leuhmannii,species_or_cultivar_listing,Kingscliff Nursery via HortOS,Syzygium luehmannii,300mm,50.00,50.00,available,exact_listed_size_price,https://au.hortosapp.com/plants/syzygium-luehmannii,2026-09-18,exact_gbif_species_alias,https://www.gbif.org/species/3182303,6 days ago,2026-10-18,loaded_exact_species_and_size_price
Syzygium leuhmannii,species_or_cultivar_listing,Kumbartcho Nursery via HortOS,Syzygium luehmannii,Tube,1.55,1.55,available,exact_listed_size_price,https://au.hortosapp.com/plants/syzygium-luehmannii,2026-09-18,exact_gbif_species_alias,https://www.gbif.org/species/3182303,6 days ago,2026-10-18,loaded_exact_species_and_size_price
Syzygium leuhmannii,species_or_cultivar_listing,Logan River Tree Farm via HortOS,Syzygium luehmannii,25L,52.50,52.50,available,exact_listed_size_price,https://au.hortosapp.com/plants/syzygium-luehmannii,2026-09-18,exact_gbif_species_alias,https://www.gbif.org/species/3182303,6 days ago,2026-10-18,loaded_exact_species_and_size_price
Syzygium leuhmannii,species_or_cultivar_listing,Logans Nursery via HortOS,Syzygium luehmannii,1000L,2250.00,2250.00,available,exact_listed_size_price,https://au.hortosapp.com/plants/syzygium-luehmannii,2026-09-18,exact_gbif_species_alias,https://www.gbif.org/species/3182303,6 days ago,2026-10-18,loaded_exact_species_and_size_price
Syzygium leuhmannii,species_or_cultivar_listing,Logans Nursery via HortOS,Syzygium luehmannii,Tube,2.00,2.00,available,exact_listed_size_price,https://au.hortosapp.com/plants/syzygium-luehmannii,2026-09-18,exact_gbif_species_alias,https://www.gbif.org/species/3182303,6 days ago,2026-10-18,loaded_exact_species_and_size_price
Syzygium leuhmannii,species_or_cultivar_listing,Macleay Valley Nursery via HortOS,Syzygium luehmannii,100L,180.00,180.00,available,exact_listed_size_price,https://au.hortosapp.com/plants/syzygium-luehmannii,2026-09-18,exact_gbif_species_alias,https://www.gbif.org/species/3182303,6 days ago,2026-10-18,loaded_exact_species_and_size_price
Syzygium leuhmannii,species_or_cultivar_listing,Macleay Valley Nursery via HortOS,Syzygium luehmannii,140mm,6.95,6.95,available,exact_listed_size_price,https://au.hortosapp.com/plants/syzygium-luehmannii,2026-09-18,exact_gbif_species_alias,https://www.gbif.org/species/3182303,6 days ago,2026-10-18,loaded_exact_species_and_size_price
Syzygium leuhmannii,species_or_cultivar_listing,Macleay Valley Nursery via HortOS,Syzygium luehmannii,300mm,39.50,39.50,available,exact_listed_size_price,https://au.hortosapp.com/plants/syzygium-luehmannii,2026-09-18,exact_gbif_species_alias,https://www.gbif.org/species/3182303,6 days ago,2026-10-18,loaded_exact_species_and_size_price
Syzygium leuhmannii,species_or_cultivar_listing,Macleay Valley Nursery via HortOS,Syzygium luehmannii,45L,65.00,65.00,available,exact_listed_size_price,https://au.hortosapp.com/plants/syzygium-luehmannii,2026-09-18,exact_gbif_species_alias,https://www.gbif.org/species/3182303,6 days ago,2026-10-18,loaded_exact_species_and_size_price
Syzygium leuhmannii,species_or_cultivar_listing,Mole Station Native Plant Nursery via HortOS,Syzygium luehmannii,70mm,4.30,4.30,available,exact_listed_size_price,https://au.hortosapp.com/plants/syzygium-luehmannii,2026-09-18,exact_gbif_species_alias,https://www.gbif.org/species/3182303,6 days ago,2026-10-18,loaded_exact_species_and_size_price
Syzygium leuhmannii,species_or_cultivar_listing,Mt Nathan Nursery via HortOS,Syzygium luehmannii,45L,110.00,110.00,available,exact_listed_size_price,https://au.hortosapp.com/plants/syzygium-luehmannii,2026-09-18,exact_gbif_species_alias,https://www.gbif.org/species/3182303,6 days ago,2026-10-18,loaded_exact_species_and_size_price
Syzygium leuhmannii,species_or_cultivar_listing,Noosa and District Landcare Group Inc via HortOS,Syzygium luehmannii,Tube,2.00,2.00,available,exact_listed_size_price,https://au.hortosapp.com/plants/syzygium-luehmannii,2026-09-18,exact_gbif_species_alias,https://www.gbif.org/species/3182303,6 days ago,2026-10-18,loaded_exact_species_and_size_price
Syzygium leuhmannii,species_or_cultivar_listing,Northern Rivers Natives via HortOS,Syzygium luehmannii,Tube,4.50,4.50,available,exact_listed_size_price,https://au.hortosapp.com/plants/syzygium-luehmannii,2026-09-18,exact_gbif_species_alias,https://www.gbif.org/species/3182303,12 days ago,2026-10-18,loaded_exact_species_and_size_price
Syzygium leuhmannii,species_or_cultivar_listing,Paten Park Native Nursery via HortOS,Syzygium luehmannii,Tube,3.00,3.00,available,exact_listed_size_price,https://au.hortosapp.com/plants/syzygium-luehmannii,2026-09-18,exact_gbif_species_alias,https://www.gbif.org/species/3182303,12 days ago,2026-10-18,loaded_exact_species_and_size_price
Syzygium leuhmannii,species_or_cultivar_listing,Plant Connections via HortOS,Syzygium luehmannii,200mm,13.00,13.00,available,exact_listed_size_price,https://au.hortosapp.com/plants/syzygium-luehmannii,2026-09-18,exact_gbif_species_alias,https://www.gbif.org/species/3182303,6 days ago,2026-10-18,loaded_exact_species_and_size_price
Syzygium leuhmannii,species_or_cultivar_listing,Plant Connections via HortOS,Syzygium luehmannii,300mm,40.00,40.00,available,exact_listed_size_price,https://au.hortosapp.com/plants/syzygium-luehmannii,2026-09-18,exact_gbif_species_alias,https://www.gbif.org/species/3182303,6 days ago,2026-10-18,loaded_exact_species_and_size_price
Syzygium leuhmannii,species_or_cultivar_listing,Plant Connections via HortOS,Syzygium luehmannii,45L,100.00,100.00,available,exact_listed_size_price,https://au.hortosapp.com/plants/syzygium-luehmannii,2026-09-18,exact_gbif_species_alias,https://www.gbif.org/species/3182303,6 days ago,2026-10-18,loaded_exact_species_and_size_price
Syzygium leuhmannii,species_or_cultivar_listing,Plantline Nurseries via HortOS,Syzygium luehmannii,100L,240.00,240.00,available,exact_listed_size_price,https://au.hortosapp.com/plants/syzygium-luehmannii,2026-09-18,exact_gbif_species_alias,https://www.gbif.org/species/3182303,6 days ago,2026-10-18,loaded_exact_species_and_size_price
Syzygium leuhmannii,species_or_cultivar_listing,Plantline Nurseries via HortOS,Syzygium luehmannii,45L,120.00,120.00,available,exact_listed_size_price,https://au.hortosapp.com/plants/syzygium-luehmannii,2026-09-18,exact_gbif_species_alias,https://www.gbif.org/species/3182303,6 days ago,2026-10-18,loaded_exact_species_and_size_price
Syzygium leuhmannii,species_or_cultivar_listing,Regen Australia via HortOS,Syzygium luehmannii,Tube,2.24,2.24,available,exact_listed_size_price,https://au.hortosapp.com/plants/syzygium-luehmannii,2026-09-18,exact_gbif_species_alias,https://www.gbif.org/species/3182303,6 days ago,2026-10-18,loaded_exact_species_and_size_price
Syzygium leuhmannii,species_or_cultivar_listing,Rocky Springs Nursery via HortOS,Syzygium luehmannii,100L,195.00,195.00,available,exact_listed_size_price,https://au.hortosapp.com/plants/syzygium-luehmannii,2026-09-18,exact_gbif_species_alias,https://www.gbif.org/species/3182303,6 days ago,2026-10-18,loaded_exact_species_and_size_price
Syzygium leuhmannii,species_or_cultivar_listing,Rocky Springs Nursery via HortOS,Syzygium luehmannii,200mm,11.50,11.50,available,exact_listed_size_price,https://au.hortosapp.com/plants/syzygium-luehmannii,2026-09-18,exact_gbif_species_alias,https://www.gbif.org/species/3182303,6 days ago,2026-10-18,loaded_exact_species_and_size_price
Syzygium leuhmannii,species_or_cultivar_listing,Rocky Springs Nursery via HortOS,Syzygium luehmannii,300mm,48.00,48.00,available,exact_listed_size_price,https://au.hortosapp.com/plants/syzygium-luehmannii,2026-09-18,exact_gbif_species_alias,https://www.gbif.org/species/3182303,6 days ago,2026-10-18,loaded_exact_species_and_size_price
Syzygium leuhmannii,species_or_cultivar_listing,Rocky Springs Nursery via HortOS,Syzygium luehmannii,45L,92.00,92.00,available,exact_listed_size_price,https://au.hortosapp.com/plants/syzygium-luehmannii,2026-09-18,exact_gbif_species_alias,https://www.gbif.org/species/3182303,6 days ago,2026-10-18,loaded_exact_species_and_size_price
Syzygium leuhmannii,species_or_cultivar_listing,SEQ Natives via HortOS,Syzygium luehmannii,50mm,8.00,8.00,available,exact_listed_size_price,https://au.hortosapp.com/plants/syzygium-luehmannii,2026-09-18,exact_gbif_species_alias,https://www.gbif.org/species/3182303,5 days ago,2026-10-18,loaded_exact_species_and_size_price
Syzygium leuhmannii,species_or_cultivar_listing,Sprout Wholesale Nursery via HortOS,Syzygium luehmannii,200mm,12.00,12.00,available,exact_listed_size_price,https://au.hortosapp.com/plants/syzygium-luehmannii,2026-09-18,exact_gbif_species_alias,https://www.gbif.org/species/3182303,6 days ago,2026-10-18,loaded_exact_species_and_size_price
Syzygium leuhmannii,species_or_cultivar_listing,Touch Of Eden Nursery via HortOS,Syzygium luehmannii,300mm,38.00,38.00,available,exact_listed_size_price,https://au.hortosapp.com/plants/syzygium-luehmannii,2026-09-18,exact_gbif_species_alias,https://www.gbif.org/species/3182303,6 days ago,2026-10-18,loaded_exact_species_and_size_price
Syzygium leuhmannii,species_or_cultivar_listing,Tubestock Nursery Australia via HortOS,Syzygium luehmannii,Tube,1.80,1.80,available,exact_listed_size_price,https://au.hortosapp.com/plants/syzygium-luehmannii,2026-09-18,exact_gbif_species_alias,https://www.gbif.org/species/3182303,6 days ago,2026-10-18,loaded_exact_species_and_size_price
Syzygium leuhmannii,species_or_cultivar_listing,Wallum Nurseries via HortOS,Syzygium luehmannii,Tube,2.25,2.25,available,exact_listed_size_price,https://au.hortosapp.com/plants/syzygium-luehmannii,2026-09-18,exact_gbif_species_alias,https://www.gbif.org/species/3182303,6 days ago,2026-10-18,loaded_exact_species_and_size_price
Syzygium leuhmannii,species_or_cultivar_listing,Wirin Wirra - Native Nursery via HortOS,Syzygium luehmannii,140mm,7.90,7.90,available,exact_listed_size_price,https://au.hortosapp.com/plants/syzygium-luehmannii,2026-09-18,exact_gbif_species_alias,https://www.gbif.org/species/3182303,6 days ago,2026-10-18,loaded_exact_species_and_size_price
Syzygium leuhmannii,species_or_cultivar_listing,Wirin Wirra - Native Nursery via HortOS,Syzygium luehmannii,200mm,13.90,13.90,available,exact_listed_size_price,https://au.hortosapp.com/plants/syzygium-luehmannii,2026-09-18,exact_gbif_species_alias,https://www.gbif.org/species/3182303,6 days ago,2026-10-18,loaded_exact_species_and_size_price
Syzygium leuhmannii,species_or_cultivar_listing,Wirin Wirra - Native Nursery via HortOS,Syzygium luehmannii,300mm,55.00,55.00,available,exact_listed_size_price,https://au.hortosapp.com/plants/syzygium-luehmannii,2026-09-18,exact_gbif_species_alias,https://www.gbif.org/species/3182303,6 days ago,2026-10-18,loaded_exact_species_and_size_price
Syzygium leuhmannii,species_or_cultivar_listing,Yuruga Nursery (Arakai Pty Ltd) via HortOS,Syzygium luehmannii,140mm,11.36,11.36,available,exact_listed_size_price,https://au.hortosapp.com/plants/syzygium-luehmannii,2026-09-18,exact_gbif_species_alias,https://www.gbif.org/species/3182303,6 days ago,2026-10-18,loaded_exact_species_and_size_price
Tilia platyphyllos,exact_catalogue_name,Yamina Rare Plants via HortOS,Tilia platyphyllos,140mm,119.84,119.84,available,exact_listed_size_price,https://au.hortosapp.com/plants/tilia-platyphyllos,2026-09-18,exact_hortos_botanical_name,,5 days ago,2026-10-18,loaded_exact_species_and_size_price
Tilia platyphyllos,exact_catalogue_name,Yamina Rare Plants via HortOS,Tilia platyphyllos,200mm,123.05,123.05,available,exact_listed_size_price,https://au.hortosapp.com/plants/tilia-platyphyllos,2026-09-18,exact_hortos_botanical_name,,5 days ago,2026-10-18,loaded_exact_species_and_size_price
Wollemia noblilis,species_or_cultivar_listing,Jezza Landscapes via HortOS,Wollemia nobilis,200mm,100.00,100.00,available,exact_listed_size_price,https://au.hortosapp.com/plants/wollemia-nobilis,2026-09-18,exact_gbif_species_alias,https://www.gbif.org/species/2685085,6 days ago,2026-10-18,loaded_exact_species_and_size_price
Wollemia noblilis,species_or_cultivar_listing,Plant Growers Direct via HortOS,Wollemia nobilis,140mm,85.01,85.01,available,exact_listed_size_price,https://au.hortosapp.com/plants/wollemia-nobilis,2026-09-18,exact_gbif_species_alias,https://www.gbif.org/species/2685085,6 days ago,2026-10-18,loaded_exact_species_and_size_price
Wollemia noblilis,species_or_cultivar_listing,Plant Growers Direct via HortOS,Wollemia nobilis,200mm,118.27,118.27,available,exact_listed_size_price,https://au.hortosapp.com/plants/wollemia-nobilis,2026-09-18,exact_gbif_species_alias,https://www.gbif.org/species/2685085,6 days ago,2026-10-18,loaded_exact_species_and_size_price
Wollemia noblilis,species_or_cultivar_listing,Plant Growers Direct via HortOS,Wollemia nobilis,300mm,332.64,332.64,available,exact_listed_size_price,https://au.hortosapp.com/plants/wollemia-nobilis,2026-09-18,exact_gbif_species_alias,https://www.gbif.org/species/2685085,6 days ago,2026-10-18,loaded_exact_species_and_size_price
Wollemia noblilis,species_or_cultivar_listing,Remarkable Trees via HortOS,Wollemia nobilis,100L,600.00,600.00,available,exact_listed_size_price,https://au.hortosapp.com/plants/wollemia-nobilis,2026-09-18,exact_gbif_species_alias,https://www.gbif.org/species/2685085,6 days ago,2026-10-18,loaded_exact_species_and_size_price
Wollemia noblilis,species_or_cultivar_listing,Remarkable Trees via HortOS,Wollemia nobilis,400L,900.00,900.00,available,exact_listed_size_price,https://au.hortosapp.com/plants/wollemia-nobilis,2026-09-18,exact_gbif_species_alias,https://www.gbif.org/species/2685085,6 days ago,2026-10-18,loaded_exact_species_and_size_price
Wollemia noblilis,species_or_cultivar_listing,Trenton Cottage Pty Ltd via HortOS,Wollemia nobilis,150mm,42.00,42.00,available,exact_listed_size_price,https://au.hortosapp.com/plants/wollemia-nobilis,2026-09-18,exact_gbif_species_alias,https://www.gbif.org/species/2685085,6 days ago,2026-10-18,loaded_exact_species_and_size_price
Wollemia noblilis,species_or_cultivar_listing,Trenton Cottage Pty Ltd via HortOS,Wollemia nobilis,200mm,64.00,64.00,available,exact_listed_size_price,https://au.hortosapp.com/plants/wollemia-nobilis,2026-09-18,exact_gbif_species_alias,https://www.gbif.org/species/2685085,6 days ago,2026-10-18,loaded_exact_species_and_size_price
Wollemia noblilis,species_or_cultivar_listing,Trenton Cottage Pty Ltd via HortOS,Wollemia nobilis,300mm,180.00,180.00,available,exact_listed_size_price,https://au.hortosapp.com/plants/wollemia-nobilis,2026-09-18,exact_gbif_species_alias,https://www.gbif.org/species/2685085,6 days ago,2026-10-18,loaded_exact_species_and_size_price
Wollemia noblilis,species_or_cultivar_listing,Trenton Cottage Pty Ltd via HortOS,Wollemia nobilis,430mm,350.00,350.00,available,exact_listed_size_price,https://au.hortosapp.com/plants/wollemia-nobilis,2026-09-18,exact_gbif_species_alias,https://www.gbif.org/species/2685085,6 days ago,2026-10-18,loaded_exact_species_and_size_price
Wollemia noblilis,species_or_cultivar_listing,Van Berkel Wholesale Nursery via HortOS,Wollemia nobilis,500mm,750.00,750.00,available,exact_listed_size_price,https://au.hortosapp.com/plants/wollemia-nobilis,2026-09-18,exact_gbif_species_alias,https://www.gbif.org/species/2685085,6 days ago,2026-10-18,loaded_exact_species_and_size_price
Wollemia noblis,species_or_cultivar_listing,Jezza Landscapes via HortOS,Wollemia nobilis,200mm,100.00,100.00,available,exact_listed_size_price,https://au.hortosapp.com/plants/wollemia-nobilis,2026-09-18,exact_gbif_species_alias,https://www.gbif.org/species/2685085,6 days ago,2026-10-18,loaded_exact_species_and_size_price
Wollemia noblis,species_or_cultivar_listing,Plant Growers Direct via HortOS,Wollemia nobilis,140mm,85.01,85.01,available,exact_listed_size_price,https://au.hortosapp.com/plants/wollemia-nobilis,2026-09-18,exact_gbif_species_alias,https://www.gbif.org/species/2685085,6 days ago,2026-10-18,loaded_exact_species_and_size_price
Wollemia noblis,species_or_cultivar_listing,Plant Growers Direct via HortOS,Wollemia nobilis,200mm,118.27,118.27,available,exact_listed_size_price,https://au.hortosapp.com/plants/wollemia-nobilis,2026-09-18,exact_gbif_species_alias,https://www.gbif.org/species/2685085,6 days ago,2026-10-18,loaded_exact_species_and_size_price
Wollemia noblis,species_or_cultivar_listing,Plant Growers Direct via HortOS,Wollemia nobilis,300mm,332.64,332.64,available,exact_listed_size_price,https://au.hortosapp.com/plants/wollemia-nobilis,2026-09-18,exact_gbif_species_alias,https://www.gbif.org/species/2685085,6 days ago,2026-10-18,loaded_exact_species_and_size_price
Wollemia noblis,species_or_cultivar_listing,Remarkable Trees via HortOS,Wollemia nobilis,100L,600.00,600.00,available,exact_listed_size_price,https://au.hortosapp.com/plants/wollemia-nobilis,2026-09-18,exact_gbif_species_alias,https://www.gbif.org/species/2685085,6 days ago,2026-10-18,loaded_exact_species_and_size_price
Wollemia noblis,species_or_cultivar_listing,Remarkable Trees via HortOS,Wollemia nobilis,400L,900.00,900.00,available,exact_listed_size_price,https://au.hortosapp.com/plants/wollemia-nobilis,2026-09-18,exact_gbif_species_alias,https://www.gbif.org/species/2685085,6 days ago,2026-10-18,loaded_exact_species_and_size_price
Wollemia noblis,species_or_cultivar_listing,Trenton Cottage Pty Ltd via HortOS,Wollemia nobilis,150mm,42.00,42.00,available,exact_listed_size_price,https://au.hortosapp.com/plants/wollemia-nobilis,2026-09-18,exact_gbif_species_alias,https://www.gbif.org/species/2685085,6 days ago,2026-10-18,loaded_exact_species_and_size_price
Wollemia noblis,species_or_cultivar_listing,Trenton Cottage Pty Ltd via HortOS,Wollemia nobilis,200mm,64.00,64.00,available,exact_listed_size_price,https://au.hortosapp.com/plants/wollemia-nobilis,2026-09-18,exact_gbif_species_alias,https://www.gbif.org/species/2685085,6 days ago,2026-10-18,loaded_exact_species_and_size_price
Wollemia noblis,species_or_cultivar_listing,Trenton Cottage Pty Ltd via HortOS,Wollemia nobilis,300mm,180.00,180.00,available,exact_listed_size_price,https://au.hortosapp.com/plants/wollemia-nobilis,2026-09-18,exact_gbif_species_alias,https://www.gbif.org/species/2685085,6 days ago,2026-10-18,loaded_exact_species_and_size_price
Wollemia noblis,species_or_cultivar_listing,Trenton Cottage Pty Ltd via HortOS,Wollemia nobilis,430mm,350.00,350.00,available,exact_listed_size_price,https://au.hortosapp.com/plants/wollemia-nobilis,2026-09-18,exact_gbif_species_alias,https://www.gbif.org/species/2685085,6 days ago,2026-10-18,loaded_exact_species_and_size_price
Wollemia noblis,species_or_cultivar_listing,Van Berkel Wholesale Nursery via HortOS,Wollemia nobilis,500mm,750.00,750.00,available,exact_listed_size_price,https://au.hortosapp.com/plants/wollemia-nobilis,2026-09-18,exact_gbif_species_alias,https://www.gbif.org/species/2685085,6 days ago,2026-10-18,loaded_exact_species_and_size_price
